index	sample_fp	plate	well	tile	cycle
453	/lab/barcheese01/new_data/ana_data/Pilot_Pheno/plate_1/input_sbs/10x/c1/P001_Wells-B2_Points-000__Channel_Cy7,Cy5,AF594,Cy3_SBS,DAPI_SBS.nd2	1	B2	0	1
454	/lab/barcheese01/new_data/ana_data/Pilot_Pheno/plate_1/input_sbs/10x/c1/P001_Wells-B2_Points-001__Channel_Cy7,Cy5,AF594,Cy3_SBS,DAPI_SBS.nd2	1	B2	1	1
455	/lab/barcheese01/new_data/ana_data/Pilot_Pheno/plate_1/input_sbs/10x/c1/P001_Wells-B2_Points-002__Channel_Cy7,Cy5,AF594,Cy3_SBS,DAPI_SBS.nd2	1	B2	2	1
456	/lab/barcheese01/new_data/ana_data/Pilot_Pheno/plate_1/input_sbs/10x/c1/P001_Wells-B2_Points-003__Channel_Cy7,Cy5,AF594,Cy3_SBS,DAPI_SBS.nd2	1	B2	3	1
457	/lab/barcheese01/new_data/ana_data/Pilot_Pheno/plate_1/input_sbs/10x/c1/P001_Wells-B2_Points-004__Channel_Cy7,Cy5,AF594,Cy3_SBS,DAPI_SBS.nd2	1	B2	4	1
458	/lab/barcheese01/new_data/ana_data/Pilot_Pheno/plate_1/input_sbs/10x/c1/P001_Wells-B2_Points-005__Channel_Cy7,Cy5,AF594,Cy3_SBS,DAPI_SBS.nd2	1	B2	5	1
459	/lab/barcheese01/new_data/ana_data/Pilot_Pheno/plate_1/input_sbs/10x/c1/P001_Wells-B2_Points-006__Channel_Cy7,Cy5,AF594,Cy3_SBS,DAPI_SBS.nd2	1	B2	6	1
460	/lab/barcheese01/new_data/ana_data/Pilot_Pheno/plate_1/input_sbs/10x/c1/P001_Wells-B2_Points-007__Channel_Cy7,Cy5,AF594,Cy3_SBS,DAPI_SBS.nd2	1	B2	7	1
461	/lab/barcheese01/new_data/ana_data/Pilot_Pheno/plate_1/input_sbs/10x/c1/P001_Wells-B2_Points-008__Channel_Cy7,Cy5,AF594,Cy3_SBS,DAPI_SBS.nd2	1	B2	8	1
462	/lab/barcheese01/new_data/ana_data/Pilot_Pheno/plate_1/input_sbs/10x/c1/P001_Wells-B2_Points-009__Channel_Cy7,Cy5,AF594,Cy3_SBS,DAPI_SBS.nd2	1	B2	9	1
463	/lab/barcheese01/new_data/ana_data/Pilot_Pheno/plate_1/input_sbs/10x/c1/P001_Wells-B2_Points-010__Channel_Cy7,Cy5,AF594,Cy3_SBS,DAPI_SBS.nd2	1	B2	10	1
464	/lab/barcheese01/new_data/ana_data/Pilot_Pheno/plate_1/input_sbs/10x/c1/P001_Wells-B2_Points-011__Channel_Cy7,Cy5,AF594,Cy3_SBS,DAPI_SBS.nd2	1	B2	11	1
465	/lab/barcheese01/new_data/ana_data/Pilot_Pheno/plate_1/input_sbs/10x/c1/P001_Wells-B2_Points-012__Channel_Cy7,Cy5,AF594,Cy3_SBS,DAPI_SBS.nd2	1	B2	12	1
466	/lab/barcheese01/new_data/ana_data/Pilot_Pheno/plate_1/input_sbs/10x/c1/P001_Wells-B2_Points-013__Channel_Cy7,Cy5,AF594,Cy3_SBS,DAPI_SBS.nd2	1	B2	13	1
467	/lab/barcheese01/new_data/ana_data/Pilot_Pheno/plate_1/input_sbs/10x/c1/P001_Wells-B2_Points-014__Channel_Cy7,Cy5,AF594,Cy3_SBS,DAPI_SBS.nd2	1	B2	14	1
468	/lab/barcheese01/new_data/ana_data/Pilot_Pheno/plate_1/input_sbs/10x/c1/P001_Wells-B2_Points-015__Channel_Cy7,Cy5,AF594,Cy3_SBS,DAPI_SBS.nd2	1	B2	15	1
469	/lab/barcheese01/new_data/ana_data/Pilot_Pheno/plate_1/input_sbs/10x/c1/P001_Wells-B2_Points-016__Channel_Cy7,Cy5,AF594,Cy3_SBS,DAPI_SBS.nd2	1	B2	16	1
470	/lab/barcheese01/new_data/ana_data/Pilot_Pheno/plate_1/input_sbs/10x/c1/P001_Wells-B2_Points-017__Channel_Cy7,Cy5,AF594,Cy3_SBS,DAPI_SBS.nd2	1	B2	17	1
471	/lab/barcheese01/new_data/ana_data/Pilot_Pheno/plate_1/input_sbs/10x/c1/P001_Wells-B2_Points-018__Channel_Cy7,Cy5,AF594,Cy3_SBS,DAPI_SBS.nd2	1	B2	18	1
472	/lab/barcheese01/new_data/ana_data/Pilot_Pheno/plate_1/input_sbs/10x/c1/P001_Wells-B2_Points-019__Channel_Cy7,Cy5,AF594,Cy3_SBS,DAPI_SBS.nd2	1	B2	19	1
473	/lab/barcheese01/new_data/ana_data/Pilot_Pheno/plate_1/input_sbs/10x/c1/P001_Wells-B2_Points-020__Channel_Cy7,Cy5,AF594,Cy3_SBS,DAPI_SBS.nd2	1	B2	20	1
474	/lab/barcheese01/new_data/ana_data/Pilot_Pheno/plate_1/input_sbs/10x/c1/P001_Wells-B2_Points-021__Channel_Cy7,Cy5,AF594,Cy3_SBS,DAPI_SBS.nd2	1	B2	21	1
475	/lab/barcheese01/new_data/ana_data/Pilot_Pheno/plate_1/input_sbs/10x/c1/P001_Wells-B2_Points-022__Channel_Cy7,Cy5,AF594,Cy3_SBS,DAPI_SBS.nd2	1	B2	22	1
476	/lab/barcheese01/new_data/ana_data/Pilot_Pheno/plate_1/input_sbs/10x/c1/P001_Wells-B2_Points-023__Channel_Cy7,Cy5,AF594,Cy3_SBS,DAPI_SBS.nd2	1	B2	23	1
477	/lab/barcheese01/new_data/ana_data/Pilot_Pheno/plate_1/input_sbs/10x/c1/P001_Wells-B2_Points-024__Channel_Cy7,Cy5,AF594,Cy3_SBS,DAPI_SBS.nd2	1	B2	24	1
478	/lab/barcheese01/new_data/ana_data/Pilot_Pheno/plate_1/input_sbs/10x/c1/P001_Wells-B2_Points-025__Channel_Cy7,Cy5,AF594,Cy3_SBS,DAPI_SBS.nd2	1	B2	25	1
479	/lab/barcheese01/new_data/ana_data/Pilot_Pheno/plate_1/input_sbs/10x/c1/P001_Wells-B2_Points-026__Channel_Cy7,Cy5,AF594,Cy3_SBS,DAPI_SBS.nd2	1	B2	26	1
480	/lab/barcheese01/new_data/ana_data/Pilot_Pheno/plate_1/input_sbs/10x/c1/P001_Wells-B2_Points-027__Channel_Cy7,Cy5,AF594,Cy3_SBS,DAPI_SBS.nd2	1	B2	27	1
481	/lab/barcheese01/new_data/ana_data/Pilot_Pheno/plate_1/input_sbs/10x/c1/P001_Wells-B2_Points-028__Channel_Cy7,Cy5,AF594,Cy3_SBS,DAPI_SBS.nd2	1	B2	28	1
482	/lab/barcheese01/new_data/ana_data/Pilot_Pheno/plate_1/input_sbs/10x/c1/P001_Wells-B2_Points-029__Channel_Cy7,Cy5,AF594,Cy3_SBS,DAPI_SBS.nd2	1	B2	29	1
483	/lab/barcheese01/new_data/ana_data/Pilot_Pheno/plate_1/input_sbs/10x/c1/P001_Wells-B2_Points-030__Channel_Cy7,Cy5,AF594,Cy3_SBS,DAPI_SBS.nd2	1	B2	30	1
484	/lab/barcheese01/new_data/ana_data/Pilot_Pheno/plate_1/input_sbs/10x/c1/P001_Wells-B2_Points-031__Channel_Cy7,Cy5,AF594,Cy3_SBS,DAPI_SBS.nd2	1	B2	31	1
485	/lab/barcheese01/new_data/ana_data/Pilot_Pheno/plate_1/input_sbs/10x/c1/P001_Wells-B2_Points-032__Channel_Cy7,Cy5,AF594,Cy3_SBS,DAPI_SBS.nd2	1	B2	32	1
486	/lab/barcheese01/new_data/ana_data/Pilot_Pheno/plate_1/input_sbs/10x/c1/P001_Wells-B2_Points-033__Channel_Cy7,Cy5,AF594,Cy3_SBS,DAPI_SBS.nd2	1	B2	33	1
487	/lab/barcheese01/new_data/ana_data/Pilot_Pheno/plate_1/input_sbs/10x/c1/P001_Wells-B2_Points-034__Channel_Cy7,Cy5,AF594,Cy3_SBS,DAPI_SBS.nd2	1	B2	34	1
488	/lab/barcheese01/new_data/ana_data/Pilot_Pheno/plate_1/input_sbs/10x/c1/P001_Wells-B2_Points-035__Channel_Cy7,Cy5,AF594,Cy3_SBS,DAPI_SBS.nd2	1	B2	35	1
489	/lab/barcheese01/new_data/ana_data/Pilot_Pheno/plate_1/input_sbs/10x/c1/P001_Wells-B2_Points-036__Channel_Cy7,Cy5,AF594,Cy3_SBS,DAPI_SBS.nd2	1	B2	36	1
490	/lab/barcheese01/new_data/ana_data/Pilot_Pheno/plate_1/input_sbs/10x/c1/P001_Wells-B2_Points-037__Channel_Cy7,Cy5,AF594,Cy3_SBS,DAPI_SBS.nd2	1	B2	37	1
491	/lab/barcheese01/new_data/ana_data/Pilot_Pheno/plate_1/input_sbs/10x/c1/P001_Wells-B2_Points-038__Channel_Cy7,Cy5,AF594,Cy3_SBS,DAPI_SBS.nd2	1	B2	38	1
492	/lab/barcheese01/new_data/ana_data/Pilot_Pheno/plate_1/input_sbs/10x/c1/P001_Wells-B2_Points-039__Channel_Cy7,Cy5,AF594,Cy3_SBS,DAPI_SBS.nd2	1	B2	39	1
493	/lab/barcheese01/new_data/ana_data/Pilot_Pheno/plate_1/input_sbs/10x/c1/P001_Wells-B2_Points-040__Channel_Cy7,Cy5,AF594,Cy3_SBS,DAPI_SBS.nd2	1	B2	40	1
494	/lab/barcheese01/new_data/ana_data/Pilot_Pheno/plate_1/input_sbs/10x/c1/P001_Wells-B2_Points-041__Channel_Cy7,Cy5,AF594,Cy3_SBS,DAPI_SBS.nd2	1	B2	41	1
495	/lab/barcheese01/new_data/ana_data/Pilot_Pheno/plate_1/input_sbs/10x/c1/P001_Wells-B2_Points-042__Channel_Cy7,Cy5,AF594,Cy3_SBS,DAPI_SBS.nd2	1	B2	42	1
496	/lab/barcheese01/new_data/ana_data/Pilot_Pheno/plate_1/input_sbs/10x/c1/P001_Wells-B2_Points-043__Channel_Cy7,Cy5,AF594,Cy3_SBS,DAPI_SBS.nd2	1	B2	43	1
497	/lab/barcheese01/new_data/ana_data/Pilot_Pheno/plate_1/input_sbs/10x/c1/P001_Wells-B2_Points-044__Channel_Cy7,Cy5,AF594,Cy3_SBS,DAPI_SBS.nd2	1	B2	44	1
498	/lab/barcheese01/new_data/ana_data/Pilot_Pheno/plate_1/input_sbs/10x/c1/P001_Wells-B2_Points-045__Channel_Cy7,Cy5,AF594,Cy3_SBS,DAPI_SBS.nd2	1	B2	45	1
499	/lab/barcheese01/new_data/ana_data/Pilot_Pheno/plate_1/input_sbs/10x/c1/P001_Wells-B2_Points-046__Channel_Cy7,Cy5,AF594,Cy3_SBS,DAPI_SBS.nd2	1	B2	46	1
500	/lab/barcheese01/new_data/ana_data/Pilot_Pheno/plate_1/input_sbs/10x/c1/P001_Wells-B2_Points-047__Channel_Cy7,Cy5,AF594,Cy3_SBS,DAPI_SBS.nd2	1	B2	47	1
501	/lab/barcheese01/new_data/ana_data/Pilot_Pheno/plate_1/input_sbs/10x/c1/P001_Wells-B2_Points-048__Channel_Cy7,Cy5,AF594,Cy3_SBS,DAPI_SBS.nd2	1	B2	48	1
502	/lab/barcheese01/new_data/ana_data/Pilot_Pheno/plate_1/input_sbs/10x/c1/P001_Wells-B2_Points-049__Channel_Cy7,Cy5,AF594,Cy3_SBS,DAPI_SBS.nd2	1	B2	49	1
503	/lab/barcheese01/new_data/ana_data/Pilot_Pheno/plate_1/input_sbs/10x/c1/P001_Wells-B2_Points-050__Channel_Cy7,Cy5,AF594,Cy3_SBS,DAPI_SBS.nd2	1	B2	50	1
504	/lab/barcheese01/new_data/ana_data/Pilot_Pheno/plate_1/input_sbs/10x/c1/P001_Wells-B2_Points-051__Channel_Cy7,Cy5,AF594,Cy3_SBS,DAPI_SBS.nd2	1	B2	51	1
505	/lab/barcheese01/new_data/ana_data/Pilot_Pheno/plate_1/input_sbs/10x/c1/P001_Wells-B2_Points-052__Channel_Cy7,Cy5,AF594,Cy3_SBS,DAPI_SBS.nd2	1	B2	52	1
506	/lab/barcheese01/new_data/ana_data/Pilot_Pheno/plate_1/input_sbs/10x/c1/P001_Wells-B2_Points-053__Channel_Cy7,Cy5,AF594,Cy3_SBS,DAPI_SBS.nd2	1	B2	53	1
507	/lab/barcheese01/new_data/ana_data/Pilot_Pheno/plate_1/input_sbs/10x/c1/P001_Wells-B2_Points-054__Channel_Cy7,Cy5,AF594,Cy3_SBS,DAPI_SBS.nd2	1	B2	54	1
508	/lab/barcheese01/new_data/ana_data/Pilot_Pheno/plate_1/input_sbs/10x/c1/P001_Wells-B2_Points-055__Channel_Cy7,Cy5,AF594,Cy3_SBS,DAPI_SBS.nd2	1	B2	55	1
509	/lab/barcheese01/new_data/ana_data/Pilot_Pheno/plate_1/input_sbs/10x/c1/P001_Wells-B2_Points-056__Channel_Cy7,Cy5,AF594,Cy3_SBS,DAPI_SBS.nd2	1	B2	56	1
510	/lab/barcheese01/new_data/ana_data/Pilot_Pheno/plate_1/input_sbs/10x/c1/P001_Wells-B2_Points-057__Channel_Cy7,Cy5,AF594,Cy3_SBS,DAPI_SBS.nd2	1	B2	57	1
511	/lab/barcheese01/new_data/ana_data/Pilot_Pheno/plate_1/input_sbs/10x/c1/P001_Wells-B2_Points-058__Channel_Cy7,Cy5,AF594,Cy3_SBS,DAPI_SBS.nd2	1	B2	58	1
512	/lab/barcheese01/new_data/ana_data/Pilot_Pheno/plate_1/input_sbs/10x/c1/P001_Wells-B2_Points-059__Channel_Cy7,Cy5,AF594,Cy3_SBS,DAPI_SBS.nd2	1	B2	59	1
513	/lab/barcheese01/new_data/ana_data/Pilot_Pheno/plate_1/input_sbs/10x/c1/P001_Wells-B2_Points-060__Channel_Cy7,Cy5,AF594,Cy3_SBS,DAPI_SBS.nd2	1	B2	60	1
514	/lab/barcheese01/new_data/ana_data/Pilot_Pheno/plate_1/input_sbs/10x/c1/P001_Wells-B2_Points-061__Channel_Cy7,Cy5,AF594,Cy3_SBS,DAPI_SBS.nd2	1	B2	61	1
515	/lab/barcheese01/new_data/ana_data/Pilot_Pheno/plate_1/input_sbs/10x/c1/P001_Wells-B2_Points-062__Channel_Cy7,Cy5,AF594,Cy3_SBS,DAPI_SBS.nd2	1	B2	62	1
516	/lab/barcheese01/new_data/ana_data/Pilot_Pheno/plate_1/input_sbs/10x/c1/P001_Wells-B2_Points-063__Channel_Cy7,Cy5,AF594,Cy3_SBS,DAPI_SBS.nd2	1	B2	63	1
517	/lab/barcheese01/new_data/ana_data/Pilot_Pheno/plate_1/input_sbs/10x/c1/P001_Wells-B2_Points-064__Channel_Cy7,Cy5,AF594,Cy3_SBS,DAPI_SBS.nd2	1	B2	64	1
518	/lab/barcheese01/new_data/ana_data/Pilot_Pheno/plate_1/input_sbs/10x/c1/P001_Wells-B2_Points-065__Channel_Cy7,Cy5,AF594,Cy3_SBS,DAPI_SBS.nd2	1	B2	65	1
519	/lab/barcheese01/new_data/ana_data/Pilot_Pheno/plate_1/input_sbs/10x/c1/P001_Wells-B2_Points-066__Channel_Cy7,Cy5,AF594,Cy3_SBS,DAPI_SBS.nd2	1	B2	66	1
520	/lab/barcheese01/new_data/ana_data/Pilot_Pheno/plate_1/input_sbs/10x/c1/P001_Wells-B2_Points-067__Channel_Cy7,Cy5,AF594,Cy3_SBS,DAPI_SBS.nd2	1	B2	67	1
521	/lab/barcheese01/new_data/ana_data/Pilot_Pheno/plate_1/input_sbs/10x/c1/P001_Wells-B2_Points-068__Channel_Cy7,Cy5,AF594,Cy3_SBS,DAPI_SBS.nd2	1	B2	68	1
522	/lab/barcheese01/new_data/ana_data/Pilot_Pheno/plate_1/input_sbs/10x/c1/P001_Wells-B2_Points-069__Channel_Cy7,Cy5,AF594,Cy3_SBS,DAPI_SBS.nd2	1	B2	69	1
523	/lab/barcheese01/new_data/ana_data/Pilot_Pheno/plate_1/input_sbs/10x/c1/P001_Wells-B2_Points-070__Channel_Cy7,Cy5,AF594,Cy3_SBS,DAPI_SBS.nd2	1	B2	70	1
524	/lab/barcheese01/new_data/ana_data/Pilot_Pheno/plate_1/input_sbs/10x/c1/P001_Wells-B2_Points-071__Channel_Cy7,Cy5,AF594,Cy3_SBS,DAPI_SBS.nd2	1	B2	71	1
525	/lab/barcheese01/new_data/ana_data/Pilot_Pheno/plate_1/input_sbs/10x/c1/P001_Wells-B2_Points-072__Channel_Cy7,Cy5,AF594,Cy3_SBS,DAPI_SBS.nd2	1	B2	72	1
526	/lab/barcheese01/new_data/ana_data/Pilot_Pheno/plate_1/input_sbs/10x/c1/P001_Wells-B2_Points-073__Channel_Cy7,Cy5,AF594,Cy3_SBS,DAPI_SBS.nd2	1	B2	73	1
527	/lab/barcheese01/new_data/ana_data/Pilot_Pheno/plate_1/input_sbs/10x/c1/P001_Wells-B2_Points-074__Channel_Cy7,Cy5,AF594,Cy3_SBS,DAPI_SBS.nd2	1	B2	74	1
528	/lab/barcheese01/new_data/ana_data/Pilot_Pheno/plate_1/input_sbs/10x/c1/P001_Wells-B2_Points-075__Channel_Cy7,Cy5,AF594,Cy3_SBS,DAPI_SBS.nd2	1	B2	75	1
529	/lab/barcheese01/new_data/ana_data/Pilot_Pheno/plate_1/input_sbs/10x/c1/P001_Wells-B2_Points-076__Channel_Cy7,Cy5,AF594,Cy3_SBS,DAPI_SBS.nd2	1	B2	76	1
530	/lab/barcheese01/new_data/ana_data/Pilot_Pheno/plate_1/input_sbs/10x/c1/P001_Wells-B2_Points-077__Channel_Cy7,Cy5,AF594,Cy3_SBS,DAPI_SBS.nd2	1	B2	77	1
531	/lab/barcheese01/new_data/ana_data/Pilot_Pheno/plate_1/input_sbs/10x/c1/P001_Wells-B2_Points-078__Channel_Cy7,Cy5,AF594,Cy3_SBS,DAPI_SBS.nd2	1	B2	78	1
532	/lab/barcheese01/new_data/ana_data/Pilot_Pheno/plate_1/input_sbs/10x/c1/P001_Wells-B2_Points-079__Channel_Cy7,Cy5,AF594,Cy3_SBS,DAPI_SBS.nd2	1	B2	79	1
533	/lab/barcheese01/new_data/ana_data/Pilot_Pheno/plate_1/input_sbs/10x/c1/P001_Wells-B2_Points-080__Channel_Cy7,Cy5,AF594,Cy3_SBS,DAPI_SBS.nd2	1	B2	80	1
534	/lab/barcheese01/new_data/ana_data/Pilot_Pheno/plate_1/input_sbs/10x/c1/P001_Wells-B2_Points-081__Channel_Cy7,Cy5,AF594,Cy3_SBS,DAPI_SBS.nd2	1	B2	81	1
535	/lab/barcheese01/new_data/ana_data/Pilot_Pheno/plate_1/input_sbs/10x/c1/P001_Wells-B2_Points-082__Channel_Cy7,Cy5,AF594,Cy3_SBS,DAPI_SBS.nd2	1	B2	82	1
536	/lab/barcheese01/new_data/ana_data/Pilot_Pheno/plate_1/input_sbs/10x/c1/P001_Wells-B2_Points-083__Channel_Cy7,Cy5,AF594,Cy3_SBS,DAPI_SBS.nd2	1	B2	83	1
537	/lab/barcheese01/new_data/ana_data/Pilot_Pheno/plate_1/input_sbs/10x/c1/P001_Wells-B2_Points-084__Channel_Cy7,Cy5,AF594,Cy3_SBS,DAPI_SBS.nd2	1	B2	84	1
538	/lab/barcheese01/new_data/ana_data/Pilot_Pheno/plate_1/input_sbs/10x/c1/P001_Wells-B2_Points-085__Channel_Cy7,Cy5,AF594,Cy3_SBS,DAPI_SBS.nd2	1	B2	85	1
539	/lab/barcheese01/new_data/ana_data/Pilot_Pheno/plate_1/input_sbs/10x/c1/P001_Wells-B2_Points-086__Channel_Cy7,Cy5,AF594,Cy3_SBS,DAPI_SBS.nd2	1	B2	86	1
540	/lab/barcheese01/new_data/ana_data/Pilot_Pheno/plate_1/input_sbs/10x/c1/P001_Wells-B2_Points-087__Channel_Cy7,Cy5,AF594,Cy3_SBS,DAPI_SBS.nd2	1	B2	87	1
541	/lab/barcheese01/new_data/ana_data/Pilot_Pheno/plate_1/input_sbs/10x/c1/P001_Wells-B2_Points-088__Channel_Cy7,Cy5,AF594,Cy3_SBS,DAPI_SBS.nd2	1	B2	88	1
542	/lab/barcheese01/new_data/ana_data/Pilot_Pheno/plate_1/input_sbs/10x/c1/P001_Wells-B2_Points-089__Channel_Cy7,Cy5,AF594,Cy3_SBS,DAPI_SBS.nd2	1	B2	89	1
543	/lab/barcheese01/new_data/ana_data/Pilot_Pheno/plate_1/input_sbs/10x/c1/P001_Wells-B2_Points-090__Channel_Cy7,Cy5,AF594,Cy3_SBS,DAPI_SBS.nd2	1	B2	90	1
544	/lab/barcheese01/new_data/ana_data/Pilot_Pheno/plate_1/input_sbs/10x/c1/P001_Wells-B2_Points-091__Channel_Cy7,Cy5,AF594,Cy3_SBS,DAPI_SBS.nd2	1	B2	91	1
545	/lab/barcheese01/new_data/ana_data/Pilot_Pheno/plate_1/input_sbs/10x/c1/P001_Wells-B2_Points-092__Channel_Cy7,Cy5,AF594,Cy3_SBS,DAPI_SBS.nd2	1	B2	92	1
546	/lab/barcheese01/new_data/ana_data/Pilot_Pheno/plate_1/input_sbs/10x/c1/P001_Wells-B2_Points-093__Channel_Cy7,Cy5,AF594,Cy3_SBS,DAPI_SBS.nd2	1	B2	93	1
547	/lab/barcheese01/new_data/ana_data/Pilot_Pheno/plate_1/input_sbs/10x/c1/P001_Wells-B2_Points-094__Channel_Cy7,Cy5,AF594,Cy3_SBS,DAPI_SBS.nd2	1	B2	94	1
548	/lab/barcheese01/new_data/ana_data/Pilot_Pheno/plate_1/input_sbs/10x/c1/P001_Wells-B2_Points-095__Channel_Cy7,Cy5,AF594,Cy3_SBS,DAPI_SBS.nd2	1	B2	95	1
549	/lab/barcheese01/new_data/ana_data/Pilot_Pheno/plate_1/input_sbs/10x/c1/P001_Wells-B2_Points-096__Channel_Cy7,Cy5,AF594,Cy3_SBS,DAPI_SBS.nd2	1	B2	96	1
550	/lab/barcheese01/new_data/ana_data/Pilot_Pheno/plate_1/input_sbs/10x/c1/P001_Wells-B2_Points-097__Channel_Cy7,Cy5,AF594,Cy3_SBS,DAPI_SBS.nd2	1	B2	97	1
551	/lab/barcheese01/new_data/ana_data/Pilot_Pheno/plate_1/input_sbs/10x/c1/P001_Wells-B2_Points-098__Channel_Cy7,Cy5,AF594,Cy3_SBS,DAPI_SBS.nd2	1	B2	98	1
552	/lab/barcheese01/new_data/ana_data/Pilot_Pheno/plate_1/input_sbs/10x/c1/P001_Wells-B2_Points-099__Channel_Cy7,Cy5,AF594,Cy3_SBS,DAPI_SBS.nd2	1	B2	99	1
553	/lab/barcheese01/new_data/ana_data/Pilot_Pheno/plate_1/input_sbs/10x/c1/P001_Wells-B2_Points-100__Channel_Cy7,Cy5,AF594,Cy3_SBS,DAPI_SBS.nd2	1	B2	100	1
554	/lab/barcheese01/new_data/ana_data/Pilot_Pheno/plate_1/input_sbs/10x/c1/P001_Wells-B2_Points-101__Channel_Cy7,Cy5,AF594,Cy3_SBS,DAPI_SBS.nd2	1	B2	101	1
555	/lab/barcheese01/new_data/ana_data/Pilot_Pheno/plate_1/input_sbs/10x/c1/P001_Wells-B2_Points-102__Channel_Cy7,Cy5,AF594,Cy3_SBS,DAPI_SBS.nd2	1	B2	102	1
556	/lab/barcheese01/new_data/ana_data/Pilot_Pheno/plate_1/input_sbs/10x/c1/P001_Wells-B2_Points-103__Channel_Cy7,Cy5,AF594,Cy3_SBS,DAPI_SBS.nd2	1	B2	103	1
557	/lab/barcheese01/new_data/ana_data/Pilot_Pheno/plate_1/input_sbs/10x/c1/P001_Wells-B2_Points-104__Channel_Cy7,Cy5,AF594,Cy3_SBS,DAPI_SBS.nd2	1	B2	104	1
558	/lab/barcheese01/new_data/ana_data/Pilot_Pheno/plate_1/input_sbs/10x/c1/P001_Wells-B2_Points-105__Channel_Cy7,Cy5,AF594,Cy3_SBS,DAPI_SBS.nd2	1	B2	105	1
559	/lab/barcheese01/new_data/ana_data/Pilot_Pheno/plate_1/input_sbs/10x/c1/P001_Wells-B2_Points-106__Channel_Cy7,Cy5,AF594,Cy3_SBS,DAPI_SBS.nd2	1	B2	106	1
560	/lab/barcheese01/new_data/ana_data/Pilot_Pheno/plate_1/input_sbs/10x/c1/P001_Wells-B2_Points-107__Channel_Cy7,Cy5,AF594,Cy3_SBS,DAPI_SBS.nd2	1	B2	107	1
561	/lab/barcheese01/new_data/ana_data/Pilot_Pheno/plate_1/input_sbs/10x/c1/P001_Wells-B2_Points-108__Channel_Cy7,Cy5,AF594,Cy3_SBS,DAPI_SBS.nd2	1	B2	108	1
562	/lab/barcheese01/new_data/ana_data/Pilot_Pheno/plate_1/input_sbs/10x/c1/P001_Wells-B2_Points-109__Channel_Cy7,Cy5,AF594,Cy3_SBS,DAPI_SBS.nd2	1	B2	109	1
563	/lab/barcheese01/new_data/ana_data/Pilot_Pheno/plate_1/input_sbs/10x/c1/P001_Wells-B2_Points-110__Channel_Cy7,Cy5,AF594,Cy3_SBS,DAPI_SBS.nd2	1	B2	110	1
564	/lab/barcheese01/new_data/ana_data/Pilot_Pheno/plate_1/input_sbs/10x/c1/P001_Wells-B2_Points-111__Channel_Cy7,Cy5,AF594,Cy3_SBS,DAPI_SBS.nd2	1	B2	111	1
565	/lab/barcheese01/new_data/ana_data/Pilot_Pheno/plate_1/input_sbs/10x/c1/P001_Wells-B2_Points-112__Channel_Cy7,Cy5,AF594,Cy3_SBS,DAPI_SBS.nd2	1	B2	112	1
566	/lab/barcheese01/new_data/ana_data/Pilot_Pheno/plate_1/input_sbs/10x/c1/P001_Wells-B2_Points-113__Channel_Cy7,Cy5,AF594,Cy3_SBS,DAPI_SBS.nd2	1	B2	113	1
567	/lab/barcheese01/new_data/ana_data/Pilot_Pheno/plate_1/input_sbs/10x/c1/P001_Wells-B2_Points-114__Channel_Cy7,Cy5,AF594,Cy3_SBS,DAPI_SBS.nd2	1	B2	114	1
568	/lab/barcheese01/new_data/ana_data/Pilot_Pheno/plate_1/input_sbs/10x/c1/P001_Wells-B2_Points-115__Channel_Cy7,Cy5,AF594,Cy3_SBS,DAPI_SBS.nd2	1	B2	115	1
569	/lab/barcheese01/new_data/ana_data/Pilot_Pheno/plate_1/input_sbs/10x/c1/P001_Wells-B2_Points-116__Channel_Cy7,Cy5,AF594,Cy3_SBS,DAPI_SBS.nd2	1	B2	116	1
570	/lab/barcheese01/new_data/ana_data/Pilot_Pheno/plate_1/input_sbs/10x/c1/P001_Wells-B2_Points-117__Channel_Cy7,Cy5,AF594,Cy3_SBS,DAPI_SBS.nd2	1	B2	117	1
571	/lab/barcheese01/new_data/ana_data/Pilot_Pheno/plate_1/input_sbs/10x/c1/P001_Wells-B2_Points-118__Channel_Cy7,Cy5,AF594,Cy3_SBS,DAPI_SBS.nd2	1	B2	118	1
572	/lab/barcheese01/new_data/ana_data/Pilot_Pheno/plate_1/input_sbs/10x/c1/P001_Wells-B2_Points-119__Channel_Cy7,Cy5,AF594,Cy3_SBS,DAPI_SBS.nd2	1	B2	119	1
573	/lab/barcheese01/new_data/ana_data/Pilot_Pheno/plate_1/input_sbs/10x/c1/P001_Wells-B2_Points-120__Channel_Cy7,Cy5,AF594,Cy3_SBS,DAPI_SBS.nd2	1	B2	120	1
574	/lab/barcheese01/new_data/ana_data/Pilot_Pheno/plate_1/input_sbs/10x/c1/P001_Wells-B2_Points-121__Channel_Cy7,Cy5,AF594,Cy3_SBS,DAPI_SBS.nd2	1	B2	121	1
575	/lab/barcheese01/new_data/ana_data/Pilot_Pheno/plate_1/input_sbs/10x/c1/P001_Wells-B2_Points-122__Channel_Cy7,Cy5,AF594,Cy3_SBS,DAPI_SBS.nd2	1	B2	122	1
576	/lab/barcheese01/new_data/ana_data/Pilot_Pheno/plate_1/input_sbs/10x/c1/P001_Wells-B2_Points-123__Channel_Cy7,Cy5,AF594,Cy3_SBS,DAPI_SBS.nd2	1	B2	123	1
577	/lab/barcheese01/new_data/ana_data/Pilot_Pheno/plate_1/input_sbs/10x/c1/P001_Wells-B2_Points-124__Channel_Cy7,Cy5,AF594,Cy3_SBS,DAPI_SBS.nd2	1	B2	124	1
578	/lab/barcheese01/new_data/ana_data/Pilot_Pheno/plate_1/input_sbs/10x/c1/P001_Wells-B2_Points-125__Channel_Cy7,Cy5,AF594,Cy3_SBS,DAPI_SBS.nd2	1	B2	125	1
579	/lab/barcheese01/new_data/ana_data/Pilot_Pheno/plate_1/input_sbs/10x/c1/P001_Wells-B2_Points-126__Channel_Cy7,Cy5,AF594,Cy3_SBS,DAPI_SBS.nd2	1	B2	126	1
580	/lab/barcheese01/new_data/ana_data/Pilot_Pheno/plate_1/input_sbs/10x/c1/P001_Wells-B2_Points-127__Channel_Cy7,Cy5,AF594,Cy3_SBS,DAPI_SBS.nd2	1	B2	127	1
581	/lab/barcheese01/new_data/ana_data/Pilot_Pheno/plate_1/input_sbs/10x/c1/P001_Wells-B2_Points-128__Channel_Cy7,Cy5,AF594,Cy3_SBS,DAPI_SBS.nd2	1	B2	128	1
582	/lab/barcheese01/new_data/ana_data/Pilot_Pheno/plate_1/input_sbs/10x/c1/P001_Wells-B2_Points-129__Channel_Cy7,Cy5,AF594,Cy3_SBS,DAPI_SBS.nd2	1	B2	129	1
583	/lab/barcheese01/new_data/ana_data/Pilot_Pheno/plate_1/input_sbs/10x/c1/P001_Wells-B2_Points-130__Channel_Cy7,Cy5,AF594,Cy3_SBS,DAPI_SBS.nd2	1	B2	130	1
584	/lab/barcheese01/new_data/ana_data/Pilot_Pheno/plate_1/input_sbs/10x/c1/P001_Wells-B2_Points-131__Channel_Cy7,Cy5,AF594,Cy3_SBS,DAPI_SBS.nd2	1	B2	131	1
585	/lab/barcheese01/new_data/ana_data/Pilot_Pheno/plate_1/input_sbs/10x/c1/P001_Wells-B2_Points-132__Channel_Cy7,Cy5,AF594,Cy3_SBS,DAPI_SBS.nd2	1	B2	132	1
586	/lab/barcheese01/new_data/ana_data/Pilot_Pheno/plate_1/input_sbs/10x/c1/P001_Wells-B2_Points-133__Channel_Cy7,Cy5,AF594,Cy3_SBS,DAPI_SBS.nd2	1	B2	133	1
587	/lab/barcheese01/new_data/ana_data/Pilot_Pheno/plate_1/input_sbs/10x/c1/P001_Wells-B2_Points-134__Channel_Cy7,Cy5,AF594,Cy3_SBS,DAPI_SBS.nd2	1	B2	134	1
588	/lab/barcheese01/new_data/ana_data/Pilot_Pheno/plate_1/input_sbs/10x/c1/P001_Wells-B2_Points-135__Channel_Cy7,Cy5,AF594,Cy3_SBS,DAPI_SBS.nd2	1	B2	135	1
589	/lab/barcheese01/new_data/ana_data/Pilot_Pheno/plate_1/input_sbs/10x/c1/P001_Wells-B2_Points-136__Channel_Cy7,Cy5,AF594,Cy3_SBS,DAPI_SBS.nd2	1	B2	136	1
590	/lab/barcheese01/new_data/ana_data/Pilot_Pheno/plate_1/input_sbs/10x/c1/P001_Wells-B2_Points-137__Channel_Cy7,Cy5,AF594,Cy3_SBS,DAPI_SBS.nd2	1	B2	137	1
591	/lab/barcheese01/new_data/ana_data/Pilot_Pheno/plate_1/input_sbs/10x/c1/P001_Wells-B2_Points-138__Channel_Cy7,Cy5,AF594,Cy3_SBS,DAPI_SBS.nd2	1	B2	138	1
592	/lab/barcheese01/new_data/ana_data/Pilot_Pheno/plate_1/input_sbs/10x/c1/P001_Wells-B2_Points-139__Channel_Cy7,Cy5,AF594,Cy3_SBS,DAPI_SBS.nd2	1	B2	139	1
593	/lab/barcheese01/new_data/ana_data/Pilot_Pheno/plate_1/input_sbs/10x/c1/P001_Wells-B2_Points-140__Channel_Cy7,Cy5,AF594,Cy3_SBS,DAPI_SBS.nd2	1	B2	140	1
594	/lab/barcheese01/new_data/ana_data/Pilot_Pheno/plate_1/input_sbs/10x/c1/P001_Wells-B2_Points-141__Channel_Cy7,Cy5,AF594,Cy3_SBS,DAPI_SBS.nd2	1	B2	141	1
595	/lab/barcheese01/new_data/ana_data/Pilot_Pheno/plate_1/input_sbs/10x/c1/P001_Wells-B2_Points-142__Channel_Cy7,Cy5,AF594,Cy3_SBS,DAPI_SBS.nd2	1	B2	142	1
596	/lab/barcheese01/new_data/ana_data/Pilot_Pheno/plate_1/input_sbs/10x/c1/P001_Wells-B2_Points-143__Channel_Cy7,Cy5,AF594,Cy3_SBS,DAPI_SBS.nd2	1	B2	143	1
597	/lab/barcheese01/new_data/ana_data/Pilot_Pheno/plate_1/input_sbs/10x/c1/P001_Wells-B2_Points-144__Channel_Cy7,Cy5,AF594,Cy3_SBS,DAPI_SBS.nd2	1	B2	144	1
598	/lab/barcheese01/new_data/ana_data/Pilot_Pheno/plate_1/input_sbs/10x/c1/P001_Wells-B2_Points-145__Channel_Cy7,Cy5,AF594,Cy3_SBS,DAPI_SBS.nd2	1	B2	145	1
599	/lab/barcheese01/new_data/ana_data/Pilot_Pheno/plate_1/input_sbs/10x/c1/P001_Wells-B2_Points-146__Channel_Cy7,Cy5,AF594,Cy3_SBS,DAPI_SBS.nd2	1	B2	146	1
600	/lab/barcheese01/new_data/ana_data/Pilot_Pheno/plate_1/input_sbs/10x/c1/P001_Wells-B2_Points-147__Channel_Cy7,Cy5,AF594,Cy3_SBS,DAPI_SBS.nd2	1	B2	147	1
601	/lab/barcheese01/new_data/ana_data/Pilot_Pheno/plate_1/input_sbs/10x/c1/P001_Wells-B2_Points-148__Channel_Cy7,Cy5,AF594,Cy3_SBS,DAPI_SBS.nd2	1	B2	148	1
602	/lab/barcheese01/new_data/ana_data/Pilot_Pheno/plate_1/input_sbs/10x/c1/P001_Wells-B2_Points-149__Channel_Cy7,Cy5,AF594,Cy3_SBS,DAPI_SBS.nd2	1	B2	149	1
603	/lab/barcheese01/new_data/ana_data/Pilot_Pheno/plate_1/input_sbs/10x/c1/P001_Wells-B2_Points-150__Channel_Cy7,Cy5,AF594,Cy3_SBS,DAPI_SBS.nd2	1	B2	150	1
604	/lab/barcheese01/new_data/ana_data/Pilot_Pheno/plate_1/input_sbs/10x/c1/P001_Wells-B2_Points-151__Channel_Cy7,Cy5,AF594,Cy3_SBS,DAPI_SBS.nd2	1	B2	151	1
605	/lab/barcheese01/new_data/ana_data/Pilot_Pheno/plate_1/input_sbs/10x/c1/P001_Wells-B2_Points-152__Channel_Cy7,Cy5,AF594,Cy3_SBS,DAPI_SBS.nd2	1	B2	152	1
606	/lab/barcheese01/new_data/ana_data/Pilot_Pheno/plate_1/input_sbs/10x/c1/P001_Wells-B2_Points-153__Channel_Cy7,Cy5,AF594,Cy3_SBS,DAPI_SBS.nd2	1	B2	153	1
607	/lab/barcheese01/new_data/ana_data/Pilot_Pheno/plate_1/input_sbs/10x/c1/P001_Wells-B2_Points-154__Channel_Cy7,Cy5,AF594,Cy3_SBS,DAPI_SBS.nd2	1	B2	154	1
608	/lab/barcheese01/new_data/ana_data/Pilot_Pheno/plate_1/input_sbs/10x/c1/P001_Wells-B2_Points-155__Channel_Cy7,Cy5,AF594,Cy3_SBS,DAPI_SBS.nd2	1	B2	155	1
609	/lab/barcheese01/new_data/ana_data/Pilot_Pheno/plate_1/input_sbs/10x/c1/P001_Wells-B2_Points-156__Channel_Cy7,Cy5,AF594,Cy3_SBS,DAPI_SBS.nd2	1	B2	156	1
610	/lab/barcheese01/new_data/ana_data/Pilot_Pheno/plate_1/input_sbs/10x/c1/P001_Wells-B2_Points-157__Channel_Cy7,Cy5,AF594,Cy3_SBS,DAPI_SBS.nd2	1	B2	157	1
611	/lab/barcheese01/new_data/ana_data/Pilot_Pheno/plate_1/input_sbs/10x/c1/P001_Wells-B2_Points-158__Channel_Cy7,Cy5,AF594,Cy3_SBS,DAPI_SBS.nd2	1	B2	158	1
612	/lab/barcheese01/new_data/ana_data/Pilot_Pheno/plate_1/input_sbs/10x/c1/P001_Wells-B2_Points-159__Channel_Cy7,Cy5,AF594,Cy3_SBS,DAPI_SBS.nd2	1	B2	159	1
613	/lab/barcheese01/new_data/ana_data/Pilot_Pheno/plate_1/input_sbs/10x/c1/P001_Wells-B2_Points-160__Channel_Cy7,Cy5,AF594,Cy3_SBS,DAPI_SBS.nd2	1	B2	160	1
614	/lab/barcheese01/new_data/ana_data/Pilot_Pheno/plate_1/input_sbs/10x/c1/P001_Wells-B2_Points-161__Channel_Cy7,Cy5,AF594,Cy3_SBS,DAPI_SBS.nd2	1	B2	161	1
615	/lab/barcheese01/new_data/ana_data/Pilot_Pheno/plate_1/input_sbs/10x/c1/P001_Wells-B2_Points-162__Channel_Cy7,Cy5,AF594,Cy3_SBS,DAPI_SBS.nd2	1	B2	162	1
616	/lab/barcheese01/new_data/ana_data/Pilot_Pheno/plate_1/input_sbs/10x/c1/P001_Wells-B2_Points-163__Channel_Cy7,Cy5,AF594,Cy3_SBS,DAPI_SBS.nd2	1	B2	163	1
617	/lab/barcheese01/new_data/ana_data/Pilot_Pheno/plate_1/input_sbs/10x/c1/P001_Wells-B2_Points-164__Channel_Cy7,Cy5,AF594,Cy3_SBS,DAPI_SBS.nd2	1	B2	164	1
618	/lab/barcheese01/new_data/ana_data/Pilot_Pheno/plate_1/input_sbs/10x/c1/P001_Wells-B2_Points-165__Channel_Cy7,Cy5,AF594,Cy3_SBS,DAPI_SBS.nd2	1	B2	165	1
619	/lab/barcheese01/new_data/ana_data/Pilot_Pheno/plate_1/input_sbs/10x/c1/P001_Wells-B2_Points-166__Channel_Cy7,Cy5,AF594,Cy3_SBS,DAPI_SBS.nd2	1	B2	166	1
620	/lab/barcheese01/new_data/ana_data/Pilot_Pheno/plate_1/input_sbs/10x/c1/P001_Wells-B2_Points-167__Channel_Cy7,Cy5,AF594,Cy3_SBS,DAPI_SBS.nd2	1	B2	167	1
621	/lab/barcheese01/new_data/ana_data/Pilot_Pheno/plate_1/input_sbs/10x/c1/P001_Wells-B2_Points-168__Channel_Cy7,Cy5,AF594,Cy3_SBS,DAPI_SBS.nd2	1	B2	168	1
622	/lab/barcheese01/new_data/ana_data/Pilot_Pheno/plate_1/input_sbs/10x/c1/P001_Wells-B2_Points-169__Channel_Cy7,Cy5,AF594,Cy3_SBS,DAPI_SBS.nd2	1	B2	169	1
623	/lab/barcheese01/new_data/ana_data/Pilot_Pheno/plate_1/input_sbs/10x/c1/P001_Wells-B2_Points-170__Channel_Cy7,Cy5,AF594,Cy3_SBS,DAPI_SBS.nd2	1	B2	170	1
624	/lab/barcheese01/new_data/ana_data/Pilot_Pheno/plate_1/input_sbs/10x/c1/P001_Wells-B2_Points-171__Channel_Cy7,Cy5,AF594,Cy3_SBS,DAPI_SBS.nd2	1	B2	171	1
625	/lab/barcheese01/new_data/ana_data/Pilot_Pheno/plate_1/input_sbs/10x/c1/P001_Wells-B2_Points-172__Channel_Cy7,Cy5,AF594,Cy3_SBS,DAPI_SBS.nd2	1	B2	172	1
626	/lab/barcheese01/new_data/ana_data/Pilot_Pheno/plate_1/input_sbs/10x/c1/P001_Wells-B2_Points-173__Channel_Cy7,Cy5,AF594,Cy3_SBS,DAPI_SBS.nd2	1	B2	173	1
627	/lab/barcheese01/new_data/ana_data/Pilot_Pheno/plate_1/input_sbs/10x/c1/P001_Wells-B2_Points-174__Channel_Cy7,Cy5,AF594,Cy3_SBS,DAPI_SBS.nd2	1	B2	174	1
628	/lab/barcheese01/new_data/ana_data/Pilot_Pheno/plate_1/input_sbs/10x/c1/P001_Wells-B2_Points-175__Channel_Cy7,Cy5,AF594,Cy3_SBS,DAPI_SBS.nd2	1	B2	175	1
629	/lab/barcheese01/new_data/ana_data/Pilot_Pheno/plate_1/input_sbs/10x/c1/P001_Wells-B2_Points-176__Channel_Cy7,Cy5,AF594,Cy3_SBS,DAPI_SBS.nd2	1	B2	176	1
630	/lab/barcheese01/new_data/ana_data/Pilot_Pheno/plate_1/input_sbs/10x/c1/P001_Wells-B2_Points-177__Channel_Cy7,Cy5,AF594,Cy3_SBS,DAPI_SBS.nd2	1	B2	177	1
631	/lab/barcheese01/new_data/ana_data/Pilot_Pheno/plate_1/input_sbs/10x/c1/P001_Wells-B2_Points-178__Channel_Cy7,Cy5,AF594,Cy3_SBS,DAPI_SBS.nd2	1	B2	178	1
632	/lab/barcheese01/new_data/ana_data/Pilot_Pheno/plate_1/input_sbs/10x/c1/P001_Wells-B2_Points-179__Channel_Cy7,Cy5,AF594,Cy3_SBS,DAPI_SBS.nd2	1	B2	179	1
633	/lab/barcheese01/new_data/ana_data/Pilot_Pheno/plate_1/input_sbs/10x/c1/P001_Wells-B2_Points-180__Channel_Cy7,Cy5,AF594,Cy3_SBS,DAPI_SBS.nd2	1	B2	180	1
634	/lab/barcheese01/new_data/ana_data/Pilot_Pheno/plate_1/input_sbs/10x/c1/P001_Wells-B2_Points-181__Channel_Cy7,Cy5,AF594,Cy3_SBS,DAPI_SBS.nd2	1	B2	181	1
635	/lab/barcheese01/new_data/ana_data/Pilot_Pheno/plate_1/input_sbs/10x/c1/P001_Wells-B2_Points-182__Channel_Cy7,Cy5,AF594,Cy3_SBS,DAPI_SBS.nd2	1	B2	182	1
636	/lab/barcheese01/new_data/ana_data/Pilot_Pheno/plate_1/input_sbs/10x/c1/P001_Wells-B2_Points-183__Channel_Cy7,Cy5,AF594,Cy3_SBS,DAPI_SBS.nd2	1	B2	183	1
637	/lab/barcheese01/new_data/ana_data/Pilot_Pheno/plate_1/input_sbs/10x/c1/P001_Wells-B2_Points-184__Channel_Cy7,Cy5,AF594,Cy3_SBS,DAPI_SBS.nd2	1	B2	184	1
638	/lab/barcheese01/new_data/ana_data/Pilot_Pheno/plate_1/input_sbs/10x/c1/P001_Wells-B2_Points-185__Channel_Cy7,Cy5,AF594,Cy3_SBS,DAPI_SBS.nd2	1	B2	185	1
639	/lab/barcheese01/new_data/ana_data/Pilot_Pheno/plate_1/input_sbs/10x/c1/P001_Wells-B2_Points-186__Channel_Cy7,Cy5,AF594,Cy3_SBS,DAPI_SBS.nd2	1	B2	186	1
640	/lab/barcheese01/new_data/ana_data/Pilot_Pheno/plate_1/input_sbs/10x/c1/P001_Wells-B2_Points-187__Channel_Cy7,Cy5,AF594,Cy3_SBS,DAPI_SBS.nd2	1	B2	187	1
641	/lab/barcheese01/new_data/ana_data/Pilot_Pheno/plate_1/input_sbs/10x/c1/P001_Wells-B2_Points-188__Channel_Cy7,Cy5,AF594,Cy3_SBS,DAPI_SBS.nd2	1	B2	188	1
642	/lab/barcheese01/new_data/ana_data/Pilot_Pheno/plate_1/input_sbs/10x/c1/P001_Wells-B2_Points-189__Channel_Cy7,Cy5,AF594,Cy3_SBS,DAPI_SBS.nd2	1	B2	189	1
643	/lab/barcheese01/new_data/ana_data/Pilot_Pheno/plate_1/input_sbs/10x/c1/P001_Wells-B2_Points-190__Channel_Cy7,Cy5,AF594,Cy3_SBS,DAPI_SBS.nd2	1	B2	190	1
644	/lab/barcheese01/new_data/ana_data/Pilot_Pheno/plate_1/input_sbs/10x/c1/P001_Wells-B2_Points-191__Channel_Cy7,Cy5,AF594,Cy3_SBS,DAPI_SBS.nd2	1	B2	191	1
645	/lab/barcheese01/new_data/ana_data/Pilot_Pheno/plate_1/input_sbs/10x/c1/P001_Wells-B2_Points-192__Channel_Cy7,Cy5,AF594,Cy3_SBS,DAPI_SBS.nd2	1	B2	192	1
646	/lab/barcheese01/new_data/ana_data/Pilot_Pheno/plate_1/input_sbs/10x/c1/P001_Wells-B2_Points-193__Channel_Cy7,Cy5,AF594,Cy3_SBS,DAPI_SBS.nd2	1	B2	193	1
647	/lab/barcheese01/new_data/ana_data/Pilot_Pheno/plate_1/input_sbs/10x/c1/P001_Wells-B2_Points-194__Channel_Cy7,Cy5,AF594,Cy3_SBS,DAPI_SBS.nd2	1	B2	194	1
648	/lab/barcheese01/new_data/ana_data/Pilot_Pheno/plate_1/input_sbs/10x/c1/P001_Wells-B2_Points-195__Channel_Cy7,Cy5,AF594,Cy3_SBS,DAPI_SBS.nd2	1	B2	195	1
649	/lab/barcheese01/new_data/ana_data/Pilot_Pheno/plate_1/input_sbs/10x/c1/P001_Wells-B2_Points-196__Channel_Cy7,Cy5,AF594,Cy3_SBS,DAPI_SBS.nd2	1	B2	196	1
650	/lab/barcheese01/new_data/ana_data/Pilot_Pheno/plate_1/input_sbs/10x/c1/P001_Wells-B2_Points-197__Channel_Cy7,Cy5,AF594,Cy3_SBS,DAPI_SBS.nd2	1	B2	197	1
651	/lab/barcheese01/new_data/ana_data/Pilot_Pheno/plate_1/input_sbs/10x/c1/P001_Wells-B2_Points-198__Channel_Cy7,Cy5,AF594,Cy3_SBS,DAPI_SBS.nd2	1	B2	198	1
652	/lab/barcheese01/new_data/ana_data/Pilot_Pheno/plate_1/input_sbs/10x/c1/P001_Wells-B2_Points-199__Channel_Cy7,Cy5,AF594,Cy3_SBS,DAPI_SBS.nd2	1	B2	199	1
653	/lab/barcheese01/new_data/ana_data/Pilot_Pheno/plate_1/input_sbs/10x/c1/P001_Wells-B2_Points-200__Channel_Cy7,Cy5,AF594,Cy3_SBS,DAPI_SBS.nd2	1	B2	200	1
654	/lab/barcheese01/new_data/ana_data/Pilot_Pheno/plate_1/input_sbs/10x/c1/P001_Wells-B2_Points-201__Channel_Cy7,Cy5,AF594,Cy3_SBS,DAPI_SBS.nd2	1	B2	201	1
655	/lab/barcheese01/new_data/ana_data/Pilot_Pheno/plate_1/input_sbs/10x/c1/P001_Wells-B2_Points-202__Channel_Cy7,Cy5,AF594,Cy3_SBS,DAPI_SBS.nd2	1	B2	202	1
656	/lab/barcheese01/new_data/ana_data/Pilot_Pheno/plate_1/input_sbs/10x/c1/P001_Wells-B2_Points-203__Channel_Cy7,Cy5,AF594,Cy3_SBS,DAPI_SBS.nd2	1	B2	203	1
657	/lab/barcheese01/new_data/ana_data/Pilot_Pheno/plate_1/input_sbs/10x/c1/P001_Wells-B2_Points-204__Channel_Cy7,Cy5,AF594,Cy3_SBS,DAPI_SBS.nd2	1	B2	204	1
658	/lab/barcheese01/new_data/ana_data/Pilot_Pheno/plate_1/input_sbs/10x/c1/P001_Wells-B2_Points-205__Channel_Cy7,Cy5,AF594,Cy3_SBS,DAPI_SBS.nd2	1	B2	205	1
659	/lab/barcheese01/new_data/ana_data/Pilot_Pheno/plate_1/input_sbs/10x/c1/P001_Wells-B2_Points-206__Channel_Cy7,Cy5,AF594,Cy3_SBS,DAPI_SBS.nd2	1	B2	206	1
660	/lab/barcheese01/new_data/ana_data/Pilot_Pheno/plate_1/input_sbs/10x/c1/P001_Wells-B2_Points-207__Channel_Cy7,Cy5,AF594,Cy3_SBS,DAPI_SBS.nd2	1	B2	207	1
661	/lab/barcheese01/new_data/ana_data/Pilot_Pheno/plate_1/input_sbs/10x/c1/P001_Wells-B2_Points-208__Channel_Cy7,Cy5,AF594,Cy3_SBS,DAPI_SBS.nd2	1	B2	208	1
662	/lab/barcheese01/new_data/ana_data/Pilot_Pheno/plate_1/input_sbs/10x/c1/P001_Wells-B2_Points-209__Channel_Cy7,Cy5,AF594,Cy3_SBS,DAPI_SBS.nd2	1	B2	209	1
663	/lab/barcheese01/new_data/ana_data/Pilot_Pheno/plate_1/input_sbs/10x/c1/P001_Wells-B2_Points-210__Channel_Cy7,Cy5,AF594,Cy3_SBS,DAPI_SBS.nd2	1	B2	210	1
664	/lab/barcheese01/new_data/ana_data/Pilot_Pheno/plate_1/input_sbs/10x/c1/P001_Wells-B2_Points-211__Channel_Cy7,Cy5,AF594,Cy3_SBS,DAPI_SBS.nd2	1	B2	211	1
665	/lab/barcheese01/new_data/ana_data/Pilot_Pheno/plate_1/input_sbs/10x/c1/P001_Wells-B2_Points-212__Channel_Cy7,Cy5,AF594,Cy3_SBS,DAPI_SBS.nd2	1	B2	212	1
666	/lab/barcheese01/new_data/ana_data/Pilot_Pheno/plate_1/input_sbs/10x/c1/P001_Wells-B2_Points-213__Channel_Cy7,Cy5,AF594,Cy3_SBS,DAPI_SBS.nd2	1	B2	213	1
667	/lab/barcheese01/new_data/ana_data/Pilot_Pheno/plate_1/input_sbs/10x/c1/P001_Wells-B2_Points-214__Channel_Cy7,Cy5,AF594,Cy3_SBS,DAPI_SBS.nd2	1	B2	214	1
668	/lab/barcheese01/new_data/ana_data/Pilot_Pheno/plate_1/input_sbs/10x/c1/P001_Wells-B2_Points-215__Channel_Cy7,Cy5,AF594,Cy3_SBS,DAPI_SBS.nd2	1	B2	215	1
669	/lab/barcheese01/new_data/ana_data/Pilot_Pheno/plate_1/input_sbs/10x/c1/P001_Wells-B2_Points-216__Channel_Cy7,Cy5,AF594,Cy3_SBS,DAPI_SBS.nd2	1	B2	216	1
670	/lab/barcheese01/new_data/ana_data/Pilot_Pheno/plate_1/input_sbs/10x/c1/P001_Wells-B2_Points-217__Channel_Cy7,Cy5,AF594,Cy3_SBS,DAPI_SBS.nd2	1	B2	217	1
671	/lab/barcheese01/new_data/ana_data/Pilot_Pheno/plate_1/input_sbs/10x/c1/P001_Wells-B2_Points-218__Channel_Cy7,Cy5,AF594,Cy3_SBS,DAPI_SBS.nd2	1	B2	218	1
672	/lab/barcheese01/new_data/ana_data/Pilot_Pheno/plate_1/input_sbs/10x/c1/P001_Wells-B2_Points-219__Channel_Cy7,Cy5,AF594,Cy3_SBS,DAPI_SBS.nd2	1	B2	219	1
673	/lab/barcheese01/new_data/ana_data/Pilot_Pheno/plate_1/input_sbs/10x/c1/P001_Wells-B2_Points-220__Channel_Cy7,Cy5,AF594,Cy3_SBS,DAPI_SBS.nd2	1	B2	220	1
674	/lab/barcheese01/new_data/ana_data/Pilot_Pheno/plate_1/input_sbs/10x/c1/P001_Wells-B2_Points-221__Channel_Cy7,Cy5,AF594,Cy3_SBS,DAPI_SBS.nd2	1	B2	221	1
675	/lab/barcheese01/new_data/ana_data/Pilot_Pheno/plate_1/input_sbs/10x/c1/P001_Wells-B2_Points-222__Channel_Cy7,Cy5,AF594,Cy3_SBS,DAPI_SBS.nd2	1	B2	222	1
676	/lab/barcheese01/new_data/ana_data/Pilot_Pheno/plate_1/input_sbs/10x/c1/P001_Wells-B2_Points-223__Channel_Cy7,Cy5,AF594,Cy3_SBS,DAPI_SBS.nd2	1	B2	223	1
677	/lab/barcheese01/new_data/ana_data/Pilot_Pheno/plate_1/input_sbs/10x/c1/P001_Wells-B2_Points-224__Channel_Cy7,Cy5,AF594,Cy3_SBS,DAPI_SBS.nd2	1	B2	224	1
678	/lab/barcheese01/new_data/ana_data/Pilot_Pheno/plate_1/input_sbs/10x/c1/P001_Wells-B2_Points-225__Channel_Cy7,Cy5,AF594,Cy3_SBS,DAPI_SBS.nd2	1	B2	225	1
679	/lab/barcheese01/new_data/ana_data/Pilot_Pheno/plate_1/input_sbs/10x/c1/P001_Wells-B2_Points-226__Channel_Cy7,Cy5,AF594,Cy3_SBS,DAPI_SBS.nd2	1	B2	226	1
680	/lab/barcheese01/new_data/ana_data/Pilot_Pheno/plate_1/input_sbs/10x/c1/P001_Wells-B2_Points-227__Channel_Cy7,Cy5,AF594,Cy3_SBS,DAPI_SBS.nd2	1	B2	227	1
681	/lab/barcheese01/new_data/ana_data/Pilot_Pheno/plate_1/input_sbs/10x/c1/P001_Wells-B2_Points-228__Channel_Cy7,Cy5,AF594,Cy3_SBS,DAPI_SBS.nd2	1	B2	228	1
682	/lab/barcheese01/new_data/ana_data/Pilot_Pheno/plate_1/input_sbs/10x/c1/P001_Wells-B2_Points-229__Channel_Cy7,Cy5,AF594,Cy3_SBS,DAPI_SBS.nd2	1	B2	229	1
683	/lab/barcheese01/new_data/ana_data/Pilot_Pheno/plate_1/input_sbs/10x/c1/P001_Wells-B2_Points-230__Channel_Cy7,Cy5,AF594,Cy3_SBS,DAPI_SBS.nd2	1	B2	230	1
684	/lab/barcheese01/new_data/ana_data/Pilot_Pheno/plate_1/input_sbs/10x/c1/P001_Wells-B2_Points-231__Channel_Cy7,Cy5,AF594,Cy3_SBS,DAPI_SBS.nd2	1	B2	231	1
685	/lab/barcheese01/new_data/ana_data/Pilot_Pheno/plate_1/input_sbs/10x/c1/P001_Wells-B2_Points-232__Channel_Cy7,Cy5,AF594,Cy3_SBS,DAPI_SBS.nd2	1	B2	232	1
686	/lab/barcheese01/new_data/ana_data/Pilot_Pheno/plate_1/input_sbs/10x/c1/P001_Wells-B2_Points-233__Channel_Cy7,Cy5,AF594,Cy3_SBS,DAPI_SBS.nd2	1	B2	233	1
687	/lab/barcheese01/new_data/ana_data/Pilot_Pheno/plate_1/input_sbs/10x/c1/P001_Wells-B2_Points-234__Channel_Cy7,Cy5,AF594,Cy3_SBS,DAPI_SBS.nd2	1	B2	234	1
688	/lab/barcheese01/new_data/ana_data/Pilot_Pheno/plate_1/input_sbs/10x/c1/P001_Wells-B2_Points-235__Channel_Cy7,Cy5,AF594,Cy3_SBS,DAPI_SBS.nd2	1	B2	235	1
689	/lab/barcheese01/new_data/ana_data/Pilot_Pheno/plate_1/input_sbs/10x/c1/P001_Wells-B2_Points-236__Channel_Cy7,Cy5,AF594,Cy3_SBS,DAPI_SBS.nd2	1	B2	236	1
690	/lab/barcheese01/new_data/ana_data/Pilot_Pheno/plate_1/input_sbs/10x/c1/P001_Wells-B2_Points-237__Channel_Cy7,Cy5,AF594,Cy3_SBS,DAPI_SBS.nd2	1	B2	237	1
691	/lab/barcheese01/new_data/ana_data/Pilot_Pheno/plate_1/input_sbs/10x/c1/P001_Wells-B2_Points-238__Channel_Cy7,Cy5,AF594,Cy3_SBS,DAPI_SBS.nd2	1	B2	238	1
692	/lab/barcheese01/new_data/ana_data/Pilot_Pheno/plate_1/input_sbs/10x/c1/P001_Wells-B2_Points-239__Channel_Cy7,Cy5,AF594,Cy3_SBS,DAPI_SBS.nd2	1	B2	239	1
693	/lab/barcheese01/new_data/ana_data/Pilot_Pheno/plate_1/input_sbs/10x/c1/P001_Wells-B2_Points-240__Channel_Cy7,Cy5,AF594,Cy3_SBS,DAPI_SBS.nd2	1	B2	240	1
694	/lab/barcheese01/new_data/ana_data/Pilot_Pheno/plate_1/input_sbs/10x/c1/P001_Wells-B2_Points-241__Channel_Cy7,Cy5,AF594,Cy3_SBS,DAPI_SBS.nd2	1	B2	241	1
695	/lab/barcheese01/new_data/ana_data/Pilot_Pheno/plate_1/input_sbs/10x/c1/P001_Wells-B2_Points-242__Channel_Cy7,Cy5,AF594,Cy3_SBS,DAPI_SBS.nd2	1	B2	242	1
696	/lab/barcheese01/new_data/ana_data/Pilot_Pheno/plate_1/input_sbs/10x/c1/P001_Wells-B2_Points-243__Channel_Cy7,Cy5,AF594,Cy3_SBS,DAPI_SBS.nd2	1	B2	243	1
697	/lab/barcheese01/new_data/ana_data/Pilot_Pheno/plate_1/input_sbs/10x/c1/P001_Wells-B2_Points-244__Channel_Cy7,Cy5,AF594,Cy3_SBS,DAPI_SBS.nd2	1	B2	244	1
698	/lab/barcheese01/new_data/ana_data/Pilot_Pheno/plate_1/input_sbs/10x/c1/P001_Wells-B2_Points-245__Channel_Cy7,Cy5,AF594,Cy3_SBS,DAPI_SBS.nd2	1	B2	245	1
699	/lab/barcheese01/new_data/ana_data/Pilot_Pheno/plate_1/input_sbs/10x/c1/P001_Wells-B2_Points-246__Channel_Cy7,Cy5,AF594,Cy3_SBS,DAPI_SBS.nd2	1	B2	246	1
700	/lab/barcheese01/new_data/ana_data/Pilot_Pheno/plate_1/input_sbs/10x/c1/P001_Wells-B2_Points-247__Channel_Cy7,Cy5,AF594,Cy3_SBS,DAPI_SBS.nd2	1	B2	247	1
701	/lab/barcheese01/new_data/ana_data/Pilot_Pheno/plate_1/input_sbs/10x/c1/P001_Wells-B2_Points-248__Channel_Cy7,Cy5,AF594,Cy3_SBS,DAPI_SBS.nd2	1	B2	248	1
702	/lab/barcheese01/new_data/ana_data/Pilot_Pheno/plate_1/input_sbs/10x/c1/P001_Wells-B2_Points-249__Channel_Cy7,Cy5,AF594,Cy3_SBS,DAPI_SBS.nd2	1	B2	249	1
703	/lab/barcheese01/new_data/ana_data/Pilot_Pheno/plate_1/input_sbs/10x/c1/P001_Wells-B2_Points-250__Channel_Cy7,Cy5,AF594,Cy3_SBS,DAPI_SBS.nd2	1	B2	250	1
704	/lab/barcheese01/new_data/ana_data/Pilot_Pheno/plate_1/input_sbs/10x/c1/P001_Wells-B2_Points-251__Channel_Cy7,Cy5,AF594,Cy3_SBS,DAPI_SBS.nd2	1	B2	251	1
705	/lab/barcheese01/new_data/ana_data/Pilot_Pheno/plate_1/input_sbs/10x/c1/P001_Wells-B2_Points-252__Channel_Cy7,Cy5,AF594,Cy3_SBS,DAPI_SBS.nd2	1	B2	252	1
706	/lab/barcheese01/new_data/ana_data/Pilot_Pheno/plate_1/input_sbs/10x/c1/P001_Wells-B2_Points-253__Channel_Cy7,Cy5,AF594,Cy3_SBS,DAPI_SBS.nd2	1	B2	253	1
707	/lab/barcheese01/new_data/ana_data/Pilot_Pheno/plate_1/input_sbs/10x/c1/P001_Wells-B2_Points-254__Channel_Cy7,Cy5,AF594,Cy3_SBS,DAPI_SBS.nd2	1	B2	254	1
708	/lab/barcheese01/new_data/ana_data/Pilot_Pheno/plate_1/input_sbs/10x/c1/P001_Wells-B2_Points-255__Channel_Cy7,Cy5,AF594,Cy3_SBS,DAPI_SBS.nd2	1	B2	255	1
709	/lab/barcheese01/new_data/ana_data/Pilot_Pheno/plate_1/input_sbs/10x/c1/P001_Wells-B2_Points-256__Channel_Cy7,Cy5,AF594,Cy3_SBS,DAPI_SBS.nd2	1	B2	256	1
710	/lab/barcheese01/new_data/ana_data/Pilot_Pheno/plate_1/input_sbs/10x/c1/P001_Wells-B2_Points-257__Channel_Cy7,Cy5,AF594,Cy3_SBS,DAPI_SBS.nd2	1	B2	257	1
711	/lab/barcheese01/new_data/ana_data/Pilot_Pheno/plate_1/input_sbs/10x/c1/P001_Wells-B2_Points-258__Channel_Cy7,Cy5,AF594,Cy3_SBS,DAPI_SBS.nd2	1	B2	258	1
712	/lab/barcheese01/new_data/ana_data/Pilot_Pheno/plate_1/input_sbs/10x/c1/P001_Wells-B2_Points-259__Channel_Cy7,Cy5,AF594,Cy3_SBS,DAPI_SBS.nd2	1	B2	259	1
713	/lab/barcheese01/new_data/ana_data/Pilot_Pheno/plate_1/input_sbs/10x/c1/P001_Wells-B2_Points-260__Channel_Cy7,Cy5,AF594,Cy3_SBS,DAPI_SBS.nd2	1	B2	260	1
714	/lab/barcheese01/new_data/ana_data/Pilot_Pheno/plate_1/input_sbs/10x/c1/P001_Wells-B2_Points-261__Channel_Cy7,Cy5,AF594,Cy3_SBS,DAPI_SBS.nd2	1	B2	261	1
715	/lab/barcheese01/new_data/ana_data/Pilot_Pheno/plate_1/input_sbs/10x/c1/P001_Wells-B2_Points-262__Channel_Cy7,Cy5,AF594,Cy3_SBS,DAPI_SBS.nd2	1	B2	262	1
716	/lab/barcheese01/new_data/ana_data/Pilot_Pheno/plate_1/input_sbs/10x/c1/P001_Wells-B2_Points-263__Channel_Cy7,Cy5,AF594,Cy3_SBS,DAPI_SBS.nd2	1	B2	263	1
717	/lab/barcheese01/new_data/ana_data/Pilot_Pheno/plate_1/input_sbs/10x/c1/P001_Wells-B2_Points-264__Channel_Cy7,Cy5,AF594,Cy3_SBS,DAPI_SBS.nd2	1	B2	264	1
718	/lab/barcheese01/new_data/ana_data/Pilot_Pheno/plate_1/input_sbs/10x/c1/P001_Wells-B2_Points-265__Channel_Cy7,Cy5,AF594,Cy3_SBS,DAPI_SBS.nd2	1	B2	265	1
719	/lab/barcheese01/new_data/ana_data/Pilot_Pheno/plate_1/input_sbs/10x/c1/P001_Wells-B2_Points-266__Channel_Cy7,Cy5,AF594,Cy3_SBS,DAPI_SBS.nd2	1	B2	266	1
720	/lab/barcheese01/new_data/ana_data/Pilot_Pheno/plate_1/input_sbs/10x/c1/P001_Wells-B2_Points-267__Channel_Cy7,Cy5,AF594,Cy3_SBS,DAPI_SBS.nd2	1	B2	267	1
721	/lab/barcheese01/new_data/ana_data/Pilot_Pheno/plate_1/input_sbs/10x/c1/P001_Wells-B2_Points-268__Channel_Cy7,Cy5,AF594,Cy3_SBS,DAPI_SBS.nd2	1	B2	268	1
722	/lab/barcheese01/new_data/ana_data/Pilot_Pheno/plate_1/input_sbs/10x/c1/P001_Wells-B2_Points-269__Channel_Cy7,Cy5,AF594,Cy3_SBS,DAPI_SBS.nd2	1	B2	269	1
723	/lab/barcheese01/new_data/ana_data/Pilot_Pheno/plate_1/input_sbs/10x/c1/P001_Wells-B2_Points-270__Channel_Cy7,Cy5,AF594,Cy3_SBS,DAPI_SBS.nd2	1	B2	270	1
724	/lab/barcheese01/new_data/ana_data/Pilot_Pheno/plate_1/input_sbs/10x/c1/P001_Wells-B2_Points-271__Channel_Cy7,Cy5,AF594,Cy3_SBS,DAPI_SBS.nd2	1	B2	271	1
725	/lab/barcheese01/new_data/ana_data/Pilot_Pheno/plate_1/input_sbs/10x/c1/P001_Wells-B2_Points-272__Channel_Cy7,Cy5,AF594,Cy3_SBS,DAPI_SBS.nd2	1	B2	272	1
726	/lab/barcheese01/new_data/ana_data/Pilot_Pheno/plate_1/input_sbs/10x/c1/P001_Wells-B2_Points-273__Channel_Cy7,Cy5,AF594,Cy3_SBS,DAPI_SBS.nd2	1	B2	273	1
727	/lab/barcheese01/new_data/ana_data/Pilot_Pheno/plate_1/input_sbs/10x/c1/P001_Wells-B2_Points-274__Channel_Cy7,Cy5,AF594,Cy3_SBS,DAPI_SBS.nd2	1	B2	274	1
728	/lab/barcheese01/new_data/ana_data/Pilot_Pheno/plate_1/input_sbs/10x/c1/P001_Wells-B2_Points-275__Channel_Cy7,Cy5,AF594,Cy3_SBS,DAPI_SBS.nd2	1	B2	275	1
729	/lab/barcheese01/new_data/ana_data/Pilot_Pheno/plate_1/input_sbs/10x/c1/P001_Wells-B2_Points-276__Channel_Cy7,Cy5,AF594,Cy3_SBS,DAPI_SBS.nd2	1	B2	276	1
730	/lab/barcheese01/new_data/ana_data/Pilot_Pheno/plate_1/input_sbs/10x/c1/P001_Wells-B2_Points-277__Channel_Cy7,Cy5,AF594,Cy3_SBS,DAPI_SBS.nd2	1	B2	277	1
731	/lab/barcheese01/new_data/ana_data/Pilot_Pheno/plate_1/input_sbs/10x/c1/P001_Wells-B2_Points-278__Channel_Cy7,Cy5,AF594,Cy3_SBS,DAPI_SBS.nd2	1	B2	278	1
732	/lab/barcheese01/new_data/ana_data/Pilot_Pheno/plate_1/input_sbs/10x/c1/P001_Wells-B2_Points-279__Channel_Cy7,Cy5,AF594,Cy3_SBS,DAPI_SBS.nd2	1	B2	279	1
733	/lab/barcheese01/new_data/ana_data/Pilot_Pheno/plate_1/input_sbs/10x/c1/P001_Wells-B2_Points-280__Channel_Cy7,Cy5,AF594,Cy3_SBS,DAPI_SBS.nd2	1	B2	280	1
734	/lab/barcheese01/new_data/ana_data/Pilot_Pheno/plate_1/input_sbs/10x/c1/P001_Wells-B2_Points-281__Channel_Cy7,Cy5,AF594,Cy3_SBS,DAPI_SBS.nd2	1	B2	281	1
735	/lab/barcheese01/new_data/ana_data/Pilot_Pheno/plate_1/input_sbs/10x/c1/P001_Wells-B2_Points-282__Channel_Cy7,Cy5,AF594,Cy3_SBS,DAPI_SBS.nd2	1	B2	282	1
736	/lab/barcheese01/new_data/ana_data/Pilot_Pheno/plate_1/input_sbs/10x/c1/P001_Wells-B2_Points-283__Channel_Cy7,Cy5,AF594,Cy3_SBS,DAPI_SBS.nd2	1	B2	283	1
737	/lab/barcheese01/new_data/ana_data/Pilot_Pheno/plate_1/input_sbs/10x/c1/P001_Wells-B2_Points-284__Channel_Cy7,Cy5,AF594,Cy3_SBS,DAPI_SBS.nd2	1	B2	284	1
738	/lab/barcheese01/new_data/ana_data/Pilot_Pheno/plate_1/input_sbs/10x/c1/P001_Wells-B2_Points-285__Channel_Cy7,Cy5,AF594,Cy3_SBS,DAPI_SBS.nd2	1	B2	285	1
739	/lab/barcheese01/new_data/ana_data/Pilot_Pheno/plate_1/input_sbs/10x/c1/P001_Wells-B2_Points-286__Channel_Cy7,Cy5,AF594,Cy3_SBS,DAPI_SBS.nd2	1	B2	286	1
740	/lab/barcheese01/new_data/ana_data/Pilot_Pheno/plate_1/input_sbs/10x/c1/P001_Wells-B2_Points-287__Channel_Cy7,Cy5,AF594,Cy3_SBS,DAPI_SBS.nd2	1	B2	287	1
741	/lab/barcheese01/new_data/ana_data/Pilot_Pheno/plate_1/input_sbs/10x/c1/P001_Wells-B2_Points-288__Channel_Cy7,Cy5,AF594,Cy3_SBS,DAPI_SBS.nd2	1	B2	288	1
742	/lab/barcheese01/new_data/ana_data/Pilot_Pheno/plate_1/input_sbs/10x/c1/P001_Wells-B2_Points-289__Channel_Cy7,Cy5,AF594,Cy3_SBS,DAPI_SBS.nd2	1	B2	289	1
743	/lab/barcheese01/new_data/ana_data/Pilot_Pheno/plate_1/input_sbs/10x/c1/P001_Wells-B2_Points-290__Channel_Cy7,Cy5,AF594,Cy3_SBS,DAPI_SBS.nd2	1	B2	290	1
744	/lab/barcheese01/new_data/ana_data/Pilot_Pheno/plate_1/input_sbs/10x/c1/P001_Wells-B2_Points-291__Channel_Cy7,Cy5,AF594,Cy3_SBS,DAPI_SBS.nd2	1	B2	291	1
745	/lab/barcheese01/new_data/ana_data/Pilot_Pheno/plate_1/input_sbs/10x/c1/P001_Wells-B2_Points-292__Channel_Cy7,Cy5,AF594,Cy3_SBS,DAPI_SBS.nd2	1	B2	292	1
746	/lab/barcheese01/new_data/ana_data/Pilot_Pheno/plate_1/input_sbs/10x/c1/P001_Wells-B2_Points-293__Channel_Cy7,Cy5,AF594,Cy3_SBS,DAPI_SBS.nd2	1	B2	293	1
747	/lab/barcheese01/new_data/ana_data/Pilot_Pheno/plate_1/input_sbs/10x/c1/P001_Wells-B2_Points-294__Channel_Cy7,Cy5,AF594,Cy3_SBS,DAPI_SBS.nd2	1	B2	294	1
748	/lab/barcheese01/new_data/ana_data/Pilot_Pheno/plate_1/input_sbs/10x/c1/P001_Wells-B2_Points-295__Channel_Cy7,Cy5,AF594,Cy3_SBS,DAPI_SBS.nd2	1	B2	295	1
749	/lab/barcheese01/new_data/ana_data/Pilot_Pheno/plate_1/input_sbs/10x/c1/P001_Wells-B2_Points-296__Channel_Cy7,Cy5,AF594,Cy3_SBS,DAPI_SBS.nd2	1	B2	296	1
750	/lab/barcheese01/new_data/ana_data/Pilot_Pheno/plate_1/input_sbs/10x/c1/P001_Wells-B2_Points-297__Channel_Cy7,Cy5,AF594,Cy3_SBS,DAPI_SBS.nd2	1	B2	297	1
751	/lab/barcheese01/new_data/ana_data/Pilot_Pheno/plate_1/input_sbs/10x/c1/P001_Wells-B2_Points-298__Channel_Cy7,Cy5,AF594,Cy3_SBS,DAPI_SBS.nd2	1	B2	298	1
752	/lab/barcheese01/new_data/ana_data/Pilot_Pheno/plate_1/input_sbs/10x/c1/P001_Wells-B2_Points-299__Channel_Cy7,Cy5,AF594,Cy3_SBS,DAPI_SBS.nd2	1	B2	299	1
753	/lab/barcheese01/new_data/ana_data/Pilot_Pheno/plate_1/input_sbs/10x/c1/P001_Wells-B2_Points-300__Channel_Cy7,Cy5,AF594,Cy3_SBS,DAPI_SBS.nd2	1	B2	300	1
754	/lab/barcheese01/new_data/ana_data/Pilot_Pheno/plate_1/input_sbs/10x/c1/P001_Wells-B2_Points-301__Channel_Cy7,Cy5,AF594,Cy3_SBS,DAPI_SBS.nd2	1	B2	301	1
755	/lab/barcheese01/new_data/ana_data/Pilot_Pheno/plate_1/input_sbs/10x/c1/P001_Wells-B2_Points-302__Channel_Cy7,Cy5,AF594,Cy3_SBS,DAPI_SBS.nd2	1	B2	302	1
756	/lab/barcheese01/new_data/ana_data/Pilot_Pheno/plate_1/input_sbs/10x/c1/P001_Wells-B2_Points-303__Channel_Cy7,Cy5,AF594,Cy3_SBS,DAPI_SBS.nd2	1	B2	303	1
757	/lab/barcheese01/new_data/ana_data/Pilot_Pheno/plate_1/input_sbs/10x/c1/P001_Wells-B2_Points-304__Channel_Cy7,Cy5,AF594,Cy3_SBS,DAPI_SBS.nd2	1	B2	304	1
758	/lab/barcheese01/new_data/ana_data/Pilot_Pheno/plate_1/input_sbs/10x/c1/P001_Wells-B2_Points-305__Channel_Cy7,Cy5,AF594,Cy3_SBS,DAPI_SBS.nd2	1	B2	305	1
759	/lab/barcheese01/new_data/ana_data/Pilot_Pheno/plate_1/input_sbs/10x/c1/P001_Wells-B2_Points-306__Channel_Cy7,Cy5,AF594,Cy3_SBS,DAPI_SBS.nd2	1	B2	306	1
760	/lab/barcheese01/new_data/ana_data/Pilot_Pheno/plate_1/input_sbs/10x/c1/P001_Wells-B2_Points-307__Channel_Cy7,Cy5,AF594,Cy3_SBS,DAPI_SBS.nd2	1	B2	307	1
761	/lab/barcheese01/new_data/ana_data/Pilot_Pheno/plate_1/input_sbs/10x/c1/P001_Wells-B2_Points-308__Channel_Cy7,Cy5,AF594,Cy3_SBS,DAPI_SBS.nd2	1	B2	308	1
762	/lab/barcheese01/new_data/ana_data/Pilot_Pheno/plate_1/input_sbs/10x/c1/P001_Wells-B2_Points-309__Channel_Cy7,Cy5,AF594,Cy3_SBS,DAPI_SBS.nd2	1	B2	309	1
763	/lab/barcheese01/new_data/ana_data/Pilot_Pheno/plate_1/input_sbs/10x/c1/P001_Wells-B2_Points-310__Channel_Cy7,Cy5,AF594,Cy3_SBS,DAPI_SBS.nd2	1	B2	310	1
764	/lab/barcheese01/new_data/ana_data/Pilot_Pheno/plate_1/input_sbs/10x/c1/P001_Wells-B2_Points-311__Channel_Cy7,Cy5,AF594,Cy3_SBS,DAPI_SBS.nd2	1	B2	311	1
765	/lab/barcheese01/new_data/ana_data/Pilot_Pheno/plate_1/input_sbs/10x/c1/P001_Wells-B2_Points-312__Channel_Cy7,Cy5,AF594,Cy3_SBS,DAPI_SBS.nd2	1	B2	312	1
766	/lab/barcheese01/new_data/ana_data/Pilot_Pheno/plate_1/input_sbs/10x/c1/P001_Wells-B2_Points-313__Channel_Cy7,Cy5,AF594,Cy3_SBS,DAPI_SBS.nd2	1	B2	313	1
767	/lab/barcheese01/new_data/ana_data/Pilot_Pheno/plate_1/input_sbs/10x/c1/P001_Wells-B2_Points-314__Channel_Cy7,Cy5,AF594,Cy3_SBS,DAPI_SBS.nd2	1	B2	314	1
768	/lab/barcheese01/new_data/ana_data/Pilot_Pheno/plate_1/input_sbs/10x/c1/P001_Wells-B2_Points-315__Channel_Cy7,Cy5,AF594,Cy3_SBS,DAPI_SBS.nd2	1	B2	315	1
769	/lab/barcheese01/new_data/ana_data/Pilot_Pheno/plate_1/input_sbs/10x/c1/P001_Wells-B2_Points-316__Channel_Cy7,Cy5,AF594,Cy3_SBS,DAPI_SBS.nd2	1	B2	316	1
770	/lab/barcheese01/new_data/ana_data/Pilot_Pheno/plate_1/input_sbs/10x/c1/P001_Wells-B2_Points-317__Channel_Cy7,Cy5,AF594,Cy3_SBS,DAPI_SBS.nd2	1	B2	317	1
771	/lab/barcheese01/new_data/ana_data/Pilot_Pheno/plate_1/input_sbs/10x/c1/P001_Wells-B2_Points-318__Channel_Cy7,Cy5,AF594,Cy3_SBS,DAPI_SBS.nd2	1	B2	318	1
772	/lab/barcheese01/new_data/ana_data/Pilot_Pheno/plate_1/input_sbs/10x/c1/P001_Wells-B2_Points-319__Channel_Cy7,Cy5,AF594,Cy3_SBS,DAPI_SBS.nd2	1	B2	319	1
773	/lab/barcheese01/new_data/ana_data/Pilot_Pheno/plate_1/input_sbs/10x/c1/P001_Wells-B2_Points-320__Channel_Cy7,Cy5,AF594,Cy3_SBS,DAPI_SBS.nd2	1	B2	320	1
774	/lab/barcheese01/new_data/ana_data/Pilot_Pheno/plate_1/input_sbs/10x/c1/P001_Wells-B2_Points-321__Channel_Cy7,Cy5,AF594,Cy3_SBS,DAPI_SBS.nd2	1	B2	321	1
775	/lab/barcheese01/new_data/ana_data/Pilot_Pheno/plate_1/input_sbs/10x/c1/P001_Wells-B2_Points-322__Channel_Cy7,Cy5,AF594,Cy3_SBS,DAPI_SBS.nd2	1	B2	322	1
776	/lab/barcheese01/new_data/ana_data/Pilot_Pheno/plate_1/input_sbs/10x/c1/P001_Wells-B2_Points-323__Channel_Cy7,Cy5,AF594,Cy3_SBS,DAPI_SBS.nd2	1	B2	323	1
777	/lab/barcheese01/new_data/ana_data/Pilot_Pheno/plate_1/input_sbs/10x/c1/P001_Wells-B2_Points-324__Channel_Cy7,Cy5,AF594,Cy3_SBS,DAPI_SBS.nd2	1	B2	324	1
778	/lab/barcheese01/new_data/ana_data/Pilot_Pheno/plate_1/input_sbs/10x/c1/P001_Wells-B2_Points-325__Channel_Cy7,Cy5,AF594,Cy3_SBS,DAPI_SBS.nd2	1	B2	325	1
779	/lab/barcheese01/new_data/ana_data/Pilot_Pheno/plate_1/input_sbs/10x/c1/P001_Wells-B2_Points-326__Channel_Cy7,Cy5,AF594,Cy3_SBS,DAPI_SBS.nd2	1	B2	326	1
780	/lab/barcheese01/new_data/ana_data/Pilot_Pheno/plate_1/input_sbs/10x/c1/P001_Wells-B2_Points-327__Channel_Cy7,Cy5,AF594,Cy3_SBS,DAPI_SBS.nd2	1	B2	327	1
781	/lab/barcheese01/new_data/ana_data/Pilot_Pheno/plate_1/input_sbs/10x/c1/P001_Wells-B2_Points-328__Channel_Cy7,Cy5,AF594,Cy3_SBS,DAPI_SBS.nd2	1	B2	328	1
782	/lab/barcheese01/new_data/ana_data/Pilot_Pheno/plate_1/input_sbs/10x/c1/P001_Wells-B2_Points-329__Channel_Cy7,Cy5,AF594,Cy3_SBS,DAPI_SBS.nd2	1	B2	329	1
783	/lab/barcheese01/new_data/ana_data/Pilot_Pheno/plate_1/input_sbs/10x/c1/P001_Wells-B2_Points-330__Channel_Cy7,Cy5,AF594,Cy3_SBS,DAPI_SBS.nd2	1	B2	330	1
784	/lab/barcheese01/new_data/ana_data/Pilot_Pheno/plate_1/input_sbs/10x/c1/P001_Wells-B2_Points-331__Channel_Cy7,Cy5,AF594,Cy3_SBS,DAPI_SBS.nd2	1	B2	331	1
785	/lab/barcheese01/new_data/ana_data/Pilot_Pheno/plate_1/input_sbs/10x/c1/P001_Wells-B2_Points-332__Channel_Cy7,Cy5,AF594,Cy3_SBS,DAPI_SBS.nd2	1	B2	332	1
786	/lab/barcheese01/new_data/ana_data/Pilot_Pheno/plate_1/input_sbs/10x/c1/P001_Wells-B2_Points-333__Channel_Cy7,Cy5,AF594,Cy3_SBS,DAPI_SBS.nd2	1	B2	333	1
787	/lab/barcheese01/new_data/ana_data/Pilot_Pheno/plate_1/input_sbs/10x/c1/P001_Wells-B2_Points-334__Channel_Cy7,Cy5,AF594,Cy3_SBS,DAPI_SBS.nd2	1	B2	334	1
788	/lab/barcheese01/new_data/ana_data/Pilot_Pheno/plate_1/input_sbs/10x/c1/P001_Wells-B2_Points-335__Channel_Cy7,Cy5,AF594,Cy3_SBS,DAPI_SBS.nd2	1	B2	335	1
789	/lab/barcheese01/new_data/ana_data/Pilot_Pheno/plate_1/input_sbs/10x/c1/P001_Wells-B2_Points-336__Channel_Cy7,Cy5,AF594,Cy3_SBS,DAPI_SBS.nd2	1	B2	336	1
790	/lab/barcheese01/new_data/ana_data/Pilot_Pheno/plate_1/input_sbs/10x/c1/P001_Wells-B2_Points-337__Channel_Cy7,Cy5,AF594,Cy3_SBS,DAPI_SBS.nd2	1	B2	337	1
791	/lab/barcheese01/new_data/ana_data/Pilot_Pheno/plate_1/input_sbs/10x/c1/P001_Wells-B2_Points-338__Channel_Cy7,Cy5,AF594,Cy3_SBS,DAPI_SBS.nd2	1	B2	338	1
792	/lab/barcheese01/new_data/ana_data/Pilot_Pheno/plate_1/input_sbs/10x/c1/P001_Wells-B2_Points-339__Channel_Cy7,Cy5,AF594,Cy3_SBS,DAPI_SBS.nd2	1	B2	339	1
793	/lab/barcheese01/new_data/ana_data/Pilot_Pheno/plate_1/input_sbs/10x/c1/P001_Wells-B2_Points-340__Channel_Cy7,Cy5,AF594,Cy3_SBS,DAPI_SBS.nd2	1	B2	340	1
794	/lab/barcheese01/new_data/ana_data/Pilot_Pheno/plate_1/input_sbs/10x/c1/P001_Wells-B2_Points-341__Channel_Cy7,Cy5,AF594,Cy3_SBS,DAPI_SBS.nd2	1	B2	341	1
795	/lab/barcheese01/new_data/ana_data/Pilot_Pheno/plate_1/input_sbs/10x/c1/P001_Wells-B2_Points-342__Channel_Cy7,Cy5,AF594,Cy3_SBS,DAPI_SBS.nd2	1	B2	342	1
796	/lab/barcheese01/new_data/ana_data/Pilot_Pheno/plate_1/input_sbs/10x/c1/P001_Wells-B2_Points-343__Channel_Cy7,Cy5,AF594,Cy3_SBS,DAPI_SBS.nd2	1	B2	343	1
797	/lab/barcheese01/new_data/ana_data/Pilot_Pheno/plate_1/input_sbs/10x/c1/P001_Wells-B2_Points-344__Channel_Cy7,Cy5,AF594,Cy3_SBS,DAPI_SBS.nd2	1	B2	344	1
798	/lab/barcheese01/new_data/ana_data/Pilot_Pheno/plate_1/input_sbs/10x/c1/P001_Wells-B2_Points-345__Channel_Cy7,Cy5,AF594,Cy3_SBS,DAPI_SBS.nd2	1	B2	345	1
799	/lab/barcheese01/new_data/ana_data/Pilot_Pheno/plate_1/input_sbs/10x/c1/P001_Wells-B2_Points-346__Channel_Cy7,Cy5,AF594,Cy3_SBS,DAPI_SBS.nd2	1	B2	346	1
800	/lab/barcheese01/new_data/ana_data/Pilot_Pheno/plate_1/input_sbs/10x/c1/P001_Wells-B2_Points-347__Channel_Cy7,Cy5,AF594,Cy3_SBS,DAPI_SBS.nd2	1	B2	347	1
801	/lab/barcheese01/new_data/ana_data/Pilot_Pheno/plate_1/input_sbs/10x/c1/P001_Wells-B2_Points-348__Channel_Cy7,Cy5,AF594,Cy3_SBS,DAPI_SBS.nd2	1	B2	348	1
802	/lab/barcheese01/new_data/ana_data/Pilot_Pheno/plate_1/input_sbs/10x/c1/P001_Wells-B2_Points-349__Channel_Cy7,Cy5,AF594,Cy3_SBS,DAPI_SBS.nd2	1	B2	349	1
803	/lab/barcheese01/new_data/ana_data/Pilot_Pheno/plate_1/input_sbs/10x/c1/P001_Wells-B2_Points-350__Channel_Cy7,Cy5,AF594,Cy3_SBS,DAPI_SBS.nd2	1	B2	350	1
804	/lab/barcheese01/new_data/ana_data/Pilot_Pheno/plate_1/input_sbs/10x/c1/P001_Wells-B2_Points-351__Channel_Cy7,Cy5,AF594,Cy3_SBS,DAPI_SBS.nd2	1	B2	351	1
805	/lab/barcheese01/new_data/ana_data/Pilot_Pheno/plate_1/input_sbs/10x/c1/P001_Wells-B2_Points-352__Channel_Cy7,Cy5,AF594,Cy3_SBS,DAPI_SBS.nd2	1	B2	352	1
806	/lab/barcheese01/new_data/ana_data/Pilot_Pheno/plate_1/input_sbs/10x/c1/P001_Wells-B2_Points-353__Channel_Cy7,Cy5,AF594,Cy3_SBS,DAPI_SBS.nd2	1	B2	353	1
807	/lab/barcheese01/new_data/ana_data/Pilot_Pheno/plate_1/input_sbs/10x/c1/P001_Wells-B2_Points-354__Channel_Cy7,Cy5,AF594,Cy3_SBS,DAPI_SBS.nd2	1	B2	354	1
808	/lab/barcheese01/new_data/ana_data/Pilot_Pheno/plate_1/input_sbs/10x/c1/P001_Wells-B2_Points-355__Channel_Cy7,Cy5,AF594,Cy3_SBS,DAPI_SBS.nd2	1	B2	355	1
809	/lab/barcheese01/new_data/ana_data/Pilot_Pheno/plate_1/input_sbs/10x/c1/P001_Wells-B2_Points-356__Channel_Cy7,Cy5,AF594,Cy3_SBS,DAPI_SBS.nd2	1	B2	356	1
810	/lab/barcheese01/new_data/ana_data/Pilot_Pheno/plate_1/input_sbs/10x/c1/P001_Wells-B2_Points-357__Channel_Cy7,Cy5,AF594,Cy3_SBS,DAPI_SBS.nd2	1	B2	357	1
811	/lab/barcheese01/new_data/ana_data/Pilot_Pheno/plate_1/input_sbs/10x/c1/P001_Wells-B2_Points-358__Channel_Cy7,Cy5,AF594,Cy3_SBS,DAPI_SBS.nd2	1	B2	358	1
812	/lab/barcheese01/new_data/ana_data/Pilot_Pheno/plate_1/input_sbs/10x/c1/P001_Wells-B2_Points-359__Channel_Cy7,Cy5,AF594,Cy3_SBS,DAPI_SBS.nd2	1	B2	359	1
813	/lab/barcheese01/new_data/ana_data/Pilot_Pheno/plate_1/input_sbs/10x/c1/P001_Wells-B2_Points-360__Channel_Cy7,Cy5,AF594,Cy3_SBS,DAPI_SBS.nd2	1	B2	360	1
814	/lab/barcheese01/new_data/ana_data/Pilot_Pheno/plate_1/input_sbs/10x/c1/P001_Wells-B2_Points-361__Channel_Cy7,Cy5,AF594,Cy3_SBS,DAPI_SBS.nd2	1	B2	361	1
815	/lab/barcheese01/new_data/ana_data/Pilot_Pheno/plate_1/input_sbs/10x/c1/P001_Wells-B2_Points-362__Channel_Cy7,Cy5,AF594,Cy3_SBS,DAPI_SBS.nd2	1	B2	362	1
816	/lab/barcheese01/new_data/ana_data/Pilot_Pheno/plate_1/input_sbs/10x/c1/P001_Wells-B2_Points-363__Channel_Cy7,Cy5,AF594,Cy3_SBS,DAPI_SBS.nd2	1	B2	363	1
817	/lab/barcheese01/new_data/ana_data/Pilot_Pheno/plate_1/input_sbs/10x/c1/P001_Wells-B2_Points-364__Channel_Cy7,Cy5,AF594,Cy3_SBS,DAPI_SBS.nd2	1	B2	364	1
818	/lab/barcheese01/new_data/ana_data/Pilot_Pheno/plate_1/input_sbs/10x/c1/P001_Wells-B2_Points-365__Channel_Cy7,Cy5,AF594,Cy3_SBS,DAPI_SBS.nd2	1	B2	365	1
819	/lab/barcheese01/new_data/ana_data/Pilot_Pheno/plate_1/input_sbs/10x/c1/P001_Wells-B2_Points-366__Channel_Cy7,Cy5,AF594,Cy3_SBS,DAPI_SBS.nd2	1	B2	366	1
820	/lab/barcheese01/new_data/ana_data/Pilot_Pheno/plate_1/input_sbs/10x/c1/P001_Wells-B2_Points-367__Channel_Cy7,Cy5,AF594,Cy3_SBS,DAPI_SBS.nd2	1	B2	367	1
821	/lab/barcheese01/new_data/ana_data/Pilot_Pheno/plate_1/input_sbs/10x/c1/P001_Wells-B2_Points-368__Channel_Cy7,Cy5,AF594,Cy3_SBS,DAPI_SBS.nd2	1	B2	368	1
822	/lab/barcheese01/new_data/ana_data/Pilot_Pheno/plate_1/input_sbs/10x/c1/P001_Wells-B2_Points-369__Channel_Cy7,Cy5,AF594,Cy3_SBS,DAPI_SBS.nd2	1	B2	369	1
823	/lab/barcheese01/new_data/ana_data/Pilot_Pheno/plate_1/input_sbs/10x/c1/P001_Wells-B2_Points-370__Channel_Cy7,Cy5,AF594,Cy3_SBS,DAPI_SBS.nd2	1	B2	370	1
824	/lab/barcheese01/new_data/ana_data/Pilot_Pheno/plate_1/input_sbs/10x/c1/P001_Wells-B2_Points-371__Channel_Cy7,Cy5,AF594,Cy3_SBS,DAPI_SBS.nd2	1	B2	371	1
825	/lab/barcheese01/new_data/ana_data/Pilot_Pheno/plate_1/input_sbs/10x/c1/P001_Wells-B2_Points-372__Channel_Cy7,Cy5,AF594,Cy3_SBS,DAPI_SBS.nd2	1	B2	372	1
826	/lab/barcheese01/new_data/ana_data/Pilot_Pheno/plate_1/input_sbs/10x/c1/P001_Wells-B2_Points-373__Channel_Cy7,Cy5,AF594,Cy3_SBS,DAPI_SBS.nd2	1	B2	373	1
827	/lab/barcheese01/new_data/ana_data/Pilot_Pheno/plate_1/input_sbs/10x/c1/P001_Wells-B2_Points-374__Channel_Cy7,Cy5,AF594,Cy3_SBS,DAPI_SBS.nd2	1	B2	374	1
828	/lab/barcheese01/new_data/ana_data/Pilot_Pheno/plate_1/input_sbs/10x/c1/P001_Wells-B2_Points-375__Channel_Cy7,Cy5,AF594,Cy3_SBS,DAPI_SBS.nd2	1	B2	375	1
829	/lab/barcheese01/new_data/ana_data/Pilot_Pheno/plate_1/input_sbs/10x/c1/P001_Wells-B2_Points-376__Channel_Cy7,Cy5,AF594,Cy3_SBS,DAPI_SBS.nd2	1	B2	376	1
830	/lab/barcheese01/new_data/ana_data/Pilot_Pheno/plate_1/input_sbs/10x/c1/P001_Wells-B2_Points-377__Channel_Cy7,Cy5,AF594,Cy3_SBS,DAPI_SBS.nd2	1	B2	377	1
831	/lab/barcheese01/new_data/ana_data/Pilot_Pheno/plate_1/input_sbs/10x/c1/P001_Wells-B2_Points-378__Channel_Cy7,Cy5,AF594,Cy3_SBS,DAPI_SBS.nd2	1	B2	378	1
832	/lab/barcheese01/new_data/ana_data/Pilot_Pheno/plate_1/input_sbs/10x/c1/P001_Wells-B2_Points-379__Channel_Cy7,Cy5,AF594,Cy3_SBS,DAPI_SBS.nd2	1	B2	379	1
833	/lab/barcheese01/new_data/ana_data/Pilot_Pheno/plate_1/input_sbs/10x/c1/P001_Wells-B2_Points-380__Channel_Cy7,Cy5,AF594,Cy3_SBS,DAPI_SBS.nd2	1	B2	380	1
834	/lab/barcheese01/new_data/ana_data/Pilot_Pheno/plate_1/input_sbs/10x/c1/P001_Wells-B2_Points-381__Channel_Cy7,Cy5,AF594,Cy3_SBS,DAPI_SBS.nd2	1	B2	381	1
835	/lab/barcheese01/new_data/ana_data/Pilot_Pheno/plate_1/input_sbs/10x/c1/P001_Wells-B2_Points-382__Channel_Cy7,Cy5,AF594,Cy3_SBS,DAPI_SBS.nd2	1	B2	382	1
836	/lab/barcheese01/new_data/ana_data/Pilot_Pheno/plate_1/input_sbs/10x/c1/P001_Wells-B2_Points-383__Channel_Cy7,Cy5,AF594,Cy3_SBS,DAPI_SBS.nd2	1	B2	383	1
837	/lab/barcheese01/new_data/ana_data/Pilot_Pheno/plate_1/input_sbs/10x/c1/P001_Wells-B2_Points-384__Channel_Cy7,Cy5,AF594,Cy3_SBS,DAPI_SBS.nd2	1	B2	384	1
838	/lab/barcheese01/new_data/ana_data/Pilot_Pheno/plate_1/input_sbs/10x/c1/P001_Wells-B2_Points-385__Channel_Cy7,Cy5,AF594,Cy3_SBS,DAPI_SBS.nd2	1	B2	385	1
839	/lab/barcheese01/new_data/ana_data/Pilot_Pheno/plate_1/input_sbs/10x/c1/P001_Wells-B2_Points-386__Channel_Cy7,Cy5,AF594,Cy3_SBS,DAPI_SBS.nd2	1	B2	386	1
840	/lab/barcheese01/new_data/ana_data/Pilot_Pheno/plate_1/input_sbs/10x/c1/P001_Wells-B2_Points-387__Channel_Cy7,Cy5,AF594,Cy3_SBS,DAPI_SBS.nd2	1	B2	387	1
841	/lab/barcheese01/new_data/ana_data/Pilot_Pheno/plate_1/input_sbs/10x/c1/P001_Wells-B2_Points-388__Channel_Cy7,Cy5,AF594,Cy3_SBS,DAPI_SBS.nd2	1	B2	388	1
842	/lab/barcheese01/new_data/ana_data/Pilot_Pheno/plate_1/input_sbs/10x/c1/P001_Wells-B2_Points-389__Channel_Cy7,Cy5,AF594,Cy3_SBS,DAPI_SBS.nd2	1	B2	389	1
843	/lab/barcheese01/new_data/ana_data/Pilot_Pheno/plate_1/input_sbs/10x/c1/P001_Wells-B2_Points-390__Channel_Cy7,Cy5,AF594,Cy3_SBS,DAPI_SBS.nd2	1	B2	390	1
844	/lab/barcheese01/new_data/ana_data/Pilot_Pheno/plate_1/input_sbs/10x/c1/P001_Wells-B2_Points-391__Channel_Cy7,Cy5,AF594,Cy3_SBS,DAPI_SBS.nd2	1	B2	391	1
845	/lab/barcheese01/new_data/ana_data/Pilot_Pheno/plate_1/input_sbs/10x/c1/P001_Wells-B2_Points-392__Channel_Cy7,Cy5,AF594,Cy3_SBS,DAPI_SBS.nd2	1	B2	392	1
846	/lab/barcheese01/new_data/ana_data/Pilot_Pheno/plate_1/input_sbs/10x/c1/P001_Wells-B2_Points-393__Channel_Cy7,Cy5,AF594,Cy3_SBS,DAPI_SBS.nd2	1	B2	393	1
847	/lab/barcheese01/new_data/ana_data/Pilot_Pheno/plate_1/input_sbs/10x/c1/P001_Wells-B2_Points-394__Channel_Cy7,Cy5,AF594,Cy3_SBS,DAPI_SBS.nd2	1	B2	394	1
848	/lab/barcheese01/new_data/ana_data/Pilot_Pheno/plate_1/input_sbs/10x/c1/P001_Wells-B2_Points-395__Channel_Cy7,Cy5,AF594,Cy3_SBS,DAPI_SBS.nd2	1	B2	395	1
849	/lab/barcheese01/new_data/ana_data/Pilot_Pheno/plate_1/input_sbs/10x/c1/P001_Wells-B2_Points-396__Channel_Cy7,Cy5,AF594,Cy3_SBS,DAPI_SBS.nd2	1	B2	396	1
850	/lab/barcheese01/new_data/ana_data/Pilot_Pheno/plate_1/input_sbs/10x/c1/P001_Wells-B2_Points-397__Channel_Cy7,Cy5,AF594,Cy3_SBS,DAPI_SBS.nd2	1	B2	397	1
851	/lab/barcheese01/new_data/ana_data/Pilot_Pheno/plate_1/input_sbs/10x/c1/P001_Wells-B2_Points-398__Channel_Cy7,Cy5,AF594,Cy3_SBS,DAPI_SBS.nd2	1	B2	398	1
852	/lab/barcheese01/new_data/ana_data/Pilot_Pheno/plate_1/input_sbs/10x/c1/P001_Wells-B2_Points-399__Channel_Cy7,Cy5,AF594,Cy3_SBS,DAPI_SBS.nd2	1	B2	399	1
853	/lab/barcheese01/new_data/ana_data/Pilot_Pheno/plate_1/input_sbs/10x/c1/P001_Wells-B2_Points-400__Channel_Cy7,Cy5,AF594,Cy3_SBS,DAPI_SBS.nd2	1	B2	400	1
854	/lab/barcheese01/new_data/ana_data/Pilot_Pheno/plate_1/input_sbs/10x/c1/P001_Wells-B2_Points-401__Channel_Cy7,Cy5,AF594,Cy3_SBS,DAPI_SBS.nd2	1	B2	401	1
855	/lab/barcheese01/new_data/ana_data/Pilot_Pheno/plate_1/input_sbs/10x/c1/P001_Wells-B2_Points-402__Channel_Cy7,Cy5,AF594,Cy3_SBS,DAPI_SBS.nd2	1	B2	402	1
856	/lab/barcheese01/new_data/ana_data/Pilot_Pheno/plate_1/input_sbs/10x/c1/P001_Wells-B2_Points-403__Channel_Cy7,Cy5,AF594,Cy3_SBS,DAPI_SBS.nd2	1	B2	403	1
857	/lab/barcheese01/new_data/ana_data/Pilot_Pheno/plate_1/input_sbs/10x/c1/P001_Wells-B2_Points-404__Channel_Cy7,Cy5,AF594,Cy3_SBS,DAPI_SBS.nd2	1	B2	404	1
858	/lab/barcheese01/new_data/ana_data/Pilot_Pheno/plate_1/input_sbs/10x/c1/P001_Wells-B2_Points-405__Channel_Cy7,Cy5,AF594,Cy3_SBS,DAPI_SBS.nd2	1	B2	405	1
859	/lab/barcheese01/new_data/ana_data/Pilot_Pheno/plate_1/input_sbs/10x/c1/P001_Wells-B2_Points-406__Channel_Cy7,Cy5,AF594,Cy3_SBS,DAPI_SBS.nd2	1	B2	406	1
860	/lab/barcheese01/new_data/ana_data/Pilot_Pheno/plate_1/input_sbs/10x/c1/P001_Wells-B2_Points-407__Channel_Cy7,Cy5,AF594,Cy3_SBS,DAPI_SBS.nd2	1	B2	407	1
861	/lab/barcheese01/new_data/ana_data/Pilot_Pheno/plate_1/input_sbs/10x/c1/P001_Wells-B2_Points-408__Channel_Cy7,Cy5,AF594,Cy3_SBS,DAPI_SBS.nd2	1	B2	408	1
862	/lab/barcheese01/new_data/ana_data/Pilot_Pheno/plate_1/input_sbs/10x/c1/P001_Wells-B2_Points-409__Channel_Cy7,Cy5,AF594,Cy3_SBS,DAPI_SBS.nd2	1	B2	409	1
863	/lab/barcheese01/new_data/ana_data/Pilot_Pheno/plate_1/input_sbs/10x/c1/P001_Wells-B2_Points-410__Channel_Cy7,Cy5,AF594,Cy3_SBS,DAPI_SBS.nd2	1	B2	410	1
864	/lab/barcheese01/new_data/ana_data/Pilot_Pheno/plate_1/input_sbs/10x/c1/P001_Wells-B2_Points-411__Channel_Cy7,Cy5,AF594,Cy3_SBS,DAPI_SBS.nd2	1	B2	411	1
865	/lab/barcheese01/new_data/ana_data/Pilot_Pheno/plate_1/input_sbs/10x/c1/P001_Wells-B2_Points-412__Channel_Cy7,Cy5,AF594,Cy3_SBS,DAPI_SBS.nd2	1	B2	412	1
866	/lab/barcheese01/new_data/ana_data/Pilot_Pheno/plate_1/input_sbs/10x/c1/P001_Wells-B2_Points-413__Channel_Cy7,Cy5,AF594,Cy3_SBS,DAPI_SBS.nd2	1	B2	413	1
867	/lab/barcheese01/new_data/ana_data/Pilot_Pheno/plate_1/input_sbs/10x/c1/P001_Wells-B2_Points-414__Channel_Cy7,Cy5,AF594,Cy3_SBS,DAPI_SBS.nd2	1	B2	414	1
868	/lab/barcheese01/new_data/ana_data/Pilot_Pheno/plate_1/input_sbs/10x/c1/P001_Wells-B2_Points-415__Channel_Cy7,Cy5,AF594,Cy3_SBS,DAPI_SBS.nd2	1	B2	415	1
869	/lab/barcheese01/new_data/ana_data/Pilot_Pheno/plate_1/input_sbs/10x/c1/P001_Wells-B2_Points-416__Channel_Cy7,Cy5,AF594,Cy3_SBS,DAPI_SBS.nd2	1	B2	416	1
870	/lab/barcheese01/new_data/ana_data/Pilot_Pheno/plate_1/input_sbs/10x/c1/P001_Wells-B2_Points-417__Channel_Cy7,Cy5,AF594,Cy3_SBS,DAPI_SBS.nd2	1	B2	417	1
871	/lab/barcheese01/new_data/ana_data/Pilot_Pheno/plate_1/input_sbs/10x/c1/P001_Wells-B2_Points-418__Channel_Cy7,Cy5,AF594,Cy3_SBS,DAPI_SBS.nd2	1	B2	418	1
872	/lab/barcheese01/new_data/ana_data/Pilot_Pheno/plate_1/input_sbs/10x/c1/P001_Wells-B2_Points-419__Channel_Cy7,Cy5,AF594,Cy3_SBS,DAPI_SBS.nd2	1	B2	419	1
873	/lab/barcheese01/new_data/ana_data/Pilot_Pheno/plate_1/input_sbs/10x/c1/P001_Wells-B2_Points-420__Channel_Cy7,Cy5,AF594,Cy3_SBS,DAPI_SBS.nd2	1	B2	420	1
874	/lab/barcheese01/new_data/ana_data/Pilot_Pheno/plate_1/input_sbs/10x/c1/P001_Wells-B2_Points-421__Channel_Cy7,Cy5,AF594,Cy3_SBS,DAPI_SBS.nd2	1	B2	421	1
875	/lab/barcheese01/new_data/ana_data/Pilot_Pheno/plate_1/input_sbs/10x/c1/P001_Wells-B2_Points-422__Channel_Cy7,Cy5,AF594,Cy3_SBS,DAPI_SBS.nd2	1	B2	422	1
876	/lab/barcheese01/new_data/ana_data/Pilot_Pheno/plate_1/input_sbs/10x/c1/P001_Wells-B2_Points-423__Channel_Cy7,Cy5,AF594,Cy3_SBS,DAPI_SBS.nd2	1	B2	423	1
877	/lab/barcheese01/new_data/ana_data/Pilot_Pheno/plate_1/input_sbs/10x/c1/P001_Wells-B2_Points-424__Channel_Cy7,Cy5,AF594,Cy3_SBS,DAPI_SBS.nd2	1	B2	424	1
878	/lab/barcheese01/new_data/ana_data/Pilot_Pheno/plate_1/input_sbs/10x/c1/P001_Wells-B2_Points-425__Channel_Cy7,Cy5,AF594,Cy3_SBS,DAPI_SBS.nd2	1	B2	425	1
879	/lab/barcheese01/new_data/ana_data/Pilot_Pheno/plate_1/input_sbs/10x/c1/P001_Wells-B2_Points-426__Channel_Cy7,Cy5,AF594,Cy3_SBS,DAPI_SBS.nd2	1	B2	426	1
880	/lab/barcheese01/new_data/ana_data/Pilot_Pheno/plate_1/input_sbs/10x/c1/P001_Wells-B2_Points-427__Channel_Cy7,Cy5,AF594,Cy3_SBS,DAPI_SBS.nd2	1	B2	427	1
881	/lab/barcheese01/new_data/ana_data/Pilot_Pheno/plate_1/input_sbs/10x/c1/P001_Wells-B2_Points-428__Channel_Cy7,Cy5,AF594,Cy3_SBS,DAPI_SBS.nd2	1	B2	428	1
882	/lab/barcheese01/new_data/ana_data/Pilot_Pheno/plate_1/input_sbs/10x/c1/P001_Wells-B2_Points-429__Channel_Cy7,Cy5,AF594,Cy3_SBS,DAPI_SBS.nd2	1	B2	429	1
883	/lab/barcheese01/new_data/ana_data/Pilot_Pheno/plate_1/input_sbs/10x/c1/P001_Wells-B2_Points-430__Channel_Cy7,Cy5,AF594,Cy3_SBS,DAPI_SBS.nd2	1	B2	430	1
884	/lab/barcheese01/new_data/ana_data/Pilot_Pheno/plate_1/input_sbs/10x/c1/P001_Wells-B2_Points-431__Channel_Cy7,Cy5,AF594,Cy3_SBS,DAPI_SBS.nd2	1	B2	431	1
885	/lab/barcheese01/new_data/ana_data/Pilot_Pheno/plate_1/input_sbs/10x/c1/P001_Wells-B2_Points-432__Channel_Cy7,Cy5,AF594,Cy3_SBS,DAPI_SBS.nd2	1	B2	432	1
886	/lab/barcheese01/new_data/ana_data/Pilot_Pheno/plate_1/input_sbs/10x/c1/P001_Wells-B2_Points-433__Channel_Cy7,Cy5,AF594,Cy3_SBS,DAPI_SBS.nd2	1	B2	433	1
887	/lab/barcheese01/new_data/ana_data/Pilot_Pheno/plate_1/input_sbs/10x/c1/P001_Wells-B2_Points-434__Channel_Cy7,Cy5,AF594,Cy3_SBS,DAPI_SBS.nd2	1	B2	434	1
888	/lab/barcheese01/new_data/ana_data/Pilot_Pheno/plate_1/input_sbs/10x/c1/P001_Wells-B2_Points-435__Channel_Cy7,Cy5,AF594,Cy3_SBS,DAPI_SBS.nd2	1	B2	435	1
889	/lab/barcheese01/new_data/ana_data/Pilot_Pheno/plate_1/input_sbs/10x/c1/P001_Wells-B2_Points-436__Channel_Cy7,Cy5,AF594,Cy3_SBS,DAPI_SBS.nd2	1	B2	436	1
890	/lab/barcheese01/new_data/ana_data/Pilot_Pheno/plate_1/input_sbs/10x/c1/P001_Wells-B2_Points-437__Channel_Cy7,Cy5,AF594,Cy3_SBS,DAPI_SBS.nd2	1	B2	437	1
891	/lab/barcheese01/new_data/ana_data/Pilot_Pheno/plate_1/input_sbs/10x/c1/P001_Wells-B2_Points-438__Channel_Cy7,Cy5,AF594,Cy3_SBS,DAPI_SBS.nd2	1	B2	438	1
892	/lab/barcheese01/new_data/ana_data/Pilot_Pheno/plate_1/input_sbs/10x/c1/P001_Wells-B2_Points-439__Channel_Cy7,Cy5,AF594,Cy3_SBS,DAPI_SBS.nd2	1	B2	439	1
893	/lab/barcheese01/new_data/ana_data/Pilot_Pheno/plate_1/input_sbs/10x/c1/P001_Wells-B2_Points-440__Channel_Cy7,Cy5,AF594,Cy3_SBS,DAPI_SBS.nd2	1	B2	440	1
894	/lab/barcheese01/new_data/ana_data/Pilot_Pheno/plate_1/input_sbs/10x/c1/P001_Wells-B2_Points-441__Channel_Cy7,Cy5,AF594,Cy3_SBS,DAPI_SBS.nd2	1	B2	441	1
895	/lab/barcheese01/new_data/ana_data/Pilot_Pheno/plate_1/input_sbs/10x/c1/P001_Wells-B2_Points-442__Channel_Cy7,Cy5,AF594,Cy3_SBS,DAPI_SBS.nd2	1	B2	442	1
896	/lab/barcheese01/new_data/ana_data/Pilot_Pheno/plate_1/input_sbs/10x/c1/P001_Wells-B2_Points-443__Channel_Cy7,Cy5,AF594,Cy3_SBS,DAPI_SBS.nd2	1	B2	443	1
897	/lab/barcheese01/new_data/ana_data/Pilot_Pheno/plate_1/input_sbs/10x/c1/P001_Wells-B2_Points-444__Channel_Cy7,Cy5,AF594,Cy3_SBS,DAPI_SBS.nd2	1	B2	444	1
898	/lab/barcheese01/new_data/ana_data/Pilot_Pheno/plate_1/input_sbs/10x/c1/P001_Wells-B2_Points-445__Channel_Cy7,Cy5,AF594,Cy3_SBS,DAPI_SBS.nd2	1	B2	445	1
899	/lab/barcheese01/new_data/ana_data/Pilot_Pheno/plate_1/input_sbs/10x/c1/P001_Wells-B2_Points-446__Channel_Cy7,Cy5,AF594,Cy3_SBS,DAPI_SBS.nd2	1	B2	446	1
900	/lab/barcheese01/new_data/ana_data/Pilot_Pheno/plate_1/input_sbs/10x/c1/P001_Wells-B2_Points-447__Channel_Cy7,Cy5,AF594,Cy3_SBS,DAPI_SBS.nd2	1	B2	447	1
901	/lab/barcheese01/new_data/ana_data/Pilot_Pheno/plate_1/input_sbs/10x/c1/P001_Wells-B2_Points-448__Channel_Cy7,Cy5,AF594,Cy3_SBS,DAPI_SBS.nd2	1	B2	448	1
902	/lab/barcheese01/new_data/ana_data/Pilot_Pheno/plate_1/input_sbs/10x/c1/P001_Wells-B2_Points-449__Channel_Cy7,Cy5,AF594,Cy3_SBS,DAPI_SBS.nd2	1	B2	449	1
903	/lab/barcheese01/new_data/ana_data/Pilot_Pheno/plate_1/input_sbs/10x/c1/P001_Wells-B2_Points-450__Channel_Cy7,Cy5,AF594,Cy3_SBS,DAPI_SBS.nd2	1	B2	450	1
904	/lab/barcheese01/new_data/ana_data/Pilot_Pheno/plate_1/input_sbs/10x/c1/P001_Wells-B2_Points-451__Channel_Cy7,Cy5,AF594,Cy3_SBS,DAPI_SBS.nd2	1	B2	451	1
905	/lab/barcheese01/new_data/ana_data/Pilot_Pheno/plate_1/input_sbs/10x/c1/P001_Wells-B2_Points-452__Channel_Cy7,Cy5,AF594,Cy3_SBS,DAPI_SBS.nd2	1	B2	452	1
